#,CVE ID,CWE ID,# of Exploits,Vulnerability Type(s),Publish Date,Update Date,Score,Gained Access Level,Access,Complexity,Authentication,Conf.,Integ.,Avail.,Description
1,CVE-2018-12613,287,None,Exec Code Bypass,6/21/18,8/21/18,6.5,None,Remote,Low,Single system,Partial,Partial,Partial,"An issue was discovered in phpMyAdmin 4.8.x before 4.8.2, in which an attacker can include (view and potentially execute) files on the server. The vulnerability comes from a portion of code where pages are redirected and loaded within phpMyAdmin, and an improper test for whitelisted pages. An attacker must be authenticated, except in the ""$cfg['AllowArbitraryServer'] = true"" case (where an attacker can specify any host he/she is already in control of, and execute arbitrary code on phpMyAdmin) and the ""$cfg['ServerDefault'] = 0"" case (which bypasses the login requirement and runs the vulnerable code without any authentication)."
2,CVE-2018-12581,79,None,XSS,6/21/18,8/10/18,4.3,None,Remote,Medium,Not required,None,Partial,None,An issue was discovered in js/designer/move.js in phpMyAdmin before 4.8.2. A Cross-Site Scripting vulnerability has been found where an attacker can use a crafted database name to trigger an XSS attack when that database is referenced from the Designer feature.
3,CVE-2018-10188,352,None,CSRF,4/19/18,5/21/18,6.8,None,Remote,Medium,Not required,Partial,Partial,Partial,"phpMyAdmin 4.8.0 before 4.8.0-1 has CSRF, allowing an attacker to execute arbitrary SQL statements, related to js/db_operations.js, js/tbl_operations.js, libraries/classes/Operations.php, and sql.php."
4,CVE-2018-7260,79,None,XSS,2/21/18,3/6/18,3.5,None,Remote,Medium,Single system,None,Partial,None,Cross-site scripting (XSS) vulnerability in db_central_columns.php in phpMyAdmin before 4.7.8 allows remote authenticated users to inject arbitrary web script or HTML via a crafted URL.
5,CVE-2017-1000499,352,None,CSRF,1/3/18,8/31/18,6.8,None,Remote,Medium,Not required,Partial,Partial,Partial,"phpMyAdmin versions 4.7.x (prior to 4.7.6.1/4.7.7) are vulnerable to a CSRF weakness. By deceiving a user to click on a crafted URL, it is possible to perform harmful database operations such as deleting records, dropping/truncating tables etc."
6,CVE-2017-1000018,20,None,None,7/17/17,7/27/18,5,None,Remote,Low,Not required,None,None,Partial,"phpMyAdmin 4.0, 4.4., and 4.6 are vulnerable to a DOS attack in the replication status by using a specially crafted table name"
7,CVE-2017-1000017,918,None,None,7/17/17,7/27/18,6.5,None,Remote,Low,Single system,Partial,Partial,Partial,"phpMyAdmin 4.0, 4.4 and 4.6 are vulnerable to a weakness where a user with appropriate permissions is able to connect to an arbitrary MySQL server"
8,CVE-2017-1000016,20,None,None,7/17/17,7/26/17,5,None,Remote,Low,Not required,None,Partial,None,A weakness was discovered where an attacker can inject arbitrary values in to the browser cookies. This is a re-issue of an incomplete fix from PMASA-2016-18.
9,CVE-2017-1000015,79,None,XSS,7/17/17,7/27/18,4.3,None,Remote,Medium,Not required,None,Partial,None,"phpMyAdmin 4.0, 4.4, and 4.6 are vulnerable to a CSS injection attack through crafted cookie parameters"
10,CVE-2017-1000014,20,None,None,7/17/17,7/27/18,5,None,Remote,Low,Not required,None,None,Partial,"phpMyAdmin 4.0, 4.4, and 4.6 are vulnerable to a DOS weakness in the table editing functionality"
11,CVE-2017-1000013,601,None,None,7/17/17,7/27/18,5.8,None,Remote,Medium,Not required,Partial,Partial,None,"phpMyAdmin 4.0, 4.4, and 4.6 are vulnerable to an open redirect weakness"
12,CVE-2017-18264,255,None,Bypass,5/1/18,8/21/18,7.5,None,Remote,Low,Not required,Partial,Partial,Partial,"An issue was discovered in libraries/common.inc.php in phpMyAdmin 4.0 before 4.0.10.20, 4.4.x, 4.6.x, and 4.7.0 prereleases. The restrictions caused by $cfg['Servers'][$i]['AllowNoPassword'] = false are bypassed under certain PHP versions (e.g., version 5). This can allow the login of users who have no password set even if the administrator has set $cfg['Servers'][$i]['AllowNoPassword'] to false (which is also the default). This occurs because some implementations of the PHP substr function return false when given '' as the first argument."
13,CVE-2016-9866,352,None,CSRF,12/10/16,6/30/17,6.8,None,Remote,Medium,Not required,Partial,Partial,Partial,"An issue was discovered in phpMyAdmin. When the arg_separator is different from its default & value, the CSRF token was not properly stripped from the return URL of the preference import action. All 4.6.x versions (prior to 4.6.5), 4.4.x versions (prior to 4.4.15.9), and 4.0.x versions (prior to 4.0.10.18) are affected."
14,CVE-2016-9865,502,None,Bypass,12/10/16,7/7/18,7.5,None,Remote,Low,Not required,Partial,Partial,Partial,"An issue was discovered in phpMyAdmin. Due to a bug in serialized string parsing, it was possible to bypass the protection offered by PMA_safeUnserialize() function. All 4.6.x versions (prior to 4.6.5), 4.4.x versions (prior to 4.4.15.9), and 4.0.x versions (prior to 4.0.10.18) are affected."
15,CVE-2016-9864,89,None,Sql,12/10/16,6/30/17,6,None,Remote,Medium,Single system,Partial,Partial,Partial,"An issue was discovered in phpMyAdmin. With a crafted username or a table name, it was possible to inject SQL statements in the tracking functionality that would run with the privileges of the control user. This gives read and write access to the tables of the configuration storage database, and if the control user has the necessary privileges, read access to some tables of the MySQL database. All 4.6.x versions (prior to 4.6.5), 4.4.x versions (prior to 4.4.15.9), and 4.0.x versions (prior to 4.0.10.18) are affected."
16,CVE-2016-9863,20,None,DoS,12/10/16,6/30/17,5,None,Remote,Low,Not required,None,None,Partial,"An issue was discovered in phpMyAdmin. With a very large request to table partitioning function, it is possible to invoke a Denial of Service (DoS) attack. All 4.6.x versions (prior to 4.6.5) are affected."
17,CVE-2016-9862,94,None,None,12/10/16,6/30/17,5,None,Remote,Low,Not required,None,Partial,None,An issue was discovered in phpMyAdmin. With a crafted login request it is possible to inject BBCode in the login page. All 4.6.x versions (prior to 4.6.5) are affected.
18,CVE-2016-9861,254,None,Bypass,12/10/16,6/30/17,5,None,Remote,Low,Not required,None,Partial,None,"An issue was discovered in phpMyAdmin. Due to the limitation in URL matching, it was possible to bypass the URL white-list protection. All 4.6.x versions (prior to 4.6.5), 4.4.x versions (prior to 4.4.15.9), and 4.0.x versions (prior to 4.0.10.18) are affected."
19,CVE-2016-9860,20,None,DoS,12/10/16,6/30/17,4.3,None,Remote,Medium,Not required,None,None,Partial,"An issue was discovered in phpMyAdmin. An unauthenticated user can execute a denial of service attack when phpMyAdmin is running with $cfg['AllowArbitraryServer']=true. All 4.6.x versions (prior to 4.6.5), 4.4.x versions (prior to 4.4.15.9), and 4.0.x versions (prior to 4.0.10.18) are affected."
20,CVE-2016-9859,20,None,DoS,12/10/16,6/30/17,5,None,Remote,Low,Not required,None,None,Partial,"An issue was discovered in phpMyAdmin. With a crafted request parameter value it is possible to initiate a denial of service attack in import feature. All 4.6.x versions (prior to 4.6.5), 4.4.x versions (prior to 4.4.15.9), and 4.0.x versions (prior to 4.0.10.18) are affected."
21,CVE-2016-9858,20,None,DoS,12/10/16,6/30/17,5,None,Remote,Low,Not required,None,None,Partial,"An issue was discovered in phpMyAdmin. With a crafted request parameter value it is possible to initiate a denial of service attack in saved searches feature. All 4.6.x versions (prior to 4.6.5), 4.4.x versions (prior to 4.4.15.9), and 4.0.x versions (prior to 4.0.10.18) are affected."
22,CVE-2016-9857,79,None,XSS,12/10/16,6/30/17,4.3,None,Remote,Medium,Not required,None,Partial,None,"An issue was discovered in phpMyAdmin. XSS is possible because of a weakness in a regular expression used in some JavaScript processing. All 4.6.x versions (prior to 4.6.5), 4.4.x versions (prior to 4.4.15.9), and 4.0.x versions (prior to 4.0.10.18) are affected."
23,CVE-2016-9856,79,None,XSS,12/10/16,6/30/17,4.3,None,Remote,Medium,Not required,None,Partial,None,"An XSS issue was discovered in phpMyAdmin because of an improper fix for CVE-2016-2559 in PMASA-2016-10. This issue is resolved by using a copy of a hash to avoid a race condition. All 4.6.x versions (prior to 4.6.5), 4.4.x versions (prior to 4.4.15.9), and 4.0.x versions (prior to 4.0.10.18) are affected."
24,CVE-2016-9855,200,None,#NAME?,12/10/16,6/30/17,5,None,Remote,Low,Not required,Partial,None,None,"An issue was discovered in phpMyAdmin. By calling some scripts that are part of phpMyAdmin in an unexpected way, it is possible to trigger phpMyAdmin to display a PHP error message which contains the full path of the directory where phpMyAdmin is installed. During an execution timeout in the export functionality, the errors containing the full path of the directory of phpMyAdmin are written to the export file. All 4.6.x versions (prior to 4.6.5), and 4.4.x versions (prior to 4.4.15.9) are affected. This CVE is for the PMA_shutdownDuringExport issue."
25,CVE-2016-9854,200,None,Exec Code +Info,12/10/16,6/30/17,5,None,Remote,Low,Not required,Partial,None,None,"An issue was discovered in phpMyAdmin. By calling some scripts that are part of phpMyAdmin in an unexpected way, it is possible to trigger phpMyAdmin to display a PHP error message which contains the full path of the directory where phpMyAdmin is installed. During an execution timeout in the export functionality, the errors containing the full path of the directory of phpMyAdmin are written to the export file. All 4.6.x versions (prior to 4.6.5), and 4.4.x versions (prior to 4.4.15.9) are affected. This CVE is for the json_decode issue."
26,CVE-2016-9853,200,None,#NAME?,12/10/16,6/30/17,5,None,Remote,Low,Not required,Partial,None,None,"An issue was discovered in phpMyAdmin. By calling some scripts that are part of phpMyAdmin in an unexpected way, it is possible to trigger phpMyAdmin to display a PHP error message which contains the full path of the directory where phpMyAdmin is installed. During an execution timeout in the export functionality, the errors containing the full path of the directory of phpMyAdmin are written to the export file. All 4.6.x versions (prior to 4.6.5), and 4.4.x versions (prior to 4.4.15.9) are affected. This CVE is for the fopen wrapper issue."
27,CVE-2016-9852,200,None,#NAME?,12/10/16,6/30/17,5,None,Remote,Low,Not required,Partial,None,None,"An issue was discovered in phpMyAdmin. By calling some scripts that are part of phpMyAdmin in an unexpected way, it is possible to trigger phpMyAdmin to display a PHP error message which contains the full path of the directory where phpMyAdmin is installed. During an execution timeout in the export functionality, the errors containing the full path of the directory of phpMyAdmin are written to the export file. All 4.6.x versions (prior to 4.6.5), and 4.4.x versions (prior to 4.4.15.9) are affected. This CVE is for the curl wrapper issue."
28,CVE-2016-9851,254,None,Bypass,12/10/16,6/30/17,5,None,Remote,Low,Not required,None,Partial,None,"An issue was discovered in phpMyAdmin. With a crafted request parameter value it is possible to bypass the logout timeout. All 4.6.x versions (prior to 4.6.5), and 4.4.x versions (prior to 4.4.15.9) are affected."
29,CVE-2016-9850,254,None,None,12/10/16,6/30/17,5,None,Remote,Low,Not required,None,Partial,None,"An issue was discovered in phpMyAdmin. Username matching for the allow/deny rules may result in wrong matches and detection of the username in the rule due to non-constant execution time. All 4.6.x versions (prior to 4.6.5), 4.4.x versions (prior to 4.4.15.9), and 4.0.x versions (prior to 4.0.10.18) are affected."
30,CVE-2016-9849,264,None,Bypass,12/10/16,6/30/17,7.5,None,Remote,Low,Not required,Partial,Partial,Partial,"An issue was discovered in phpMyAdmin. It is possible to bypass AllowRoot restriction ($cfg['Servers'][$i]['AllowRoot']) and deny rules for username by using Null Byte in the username. All 4.6.x versions (prior to 4.6.5), 4.4.x versions (prior to 4.4.15.9), and 4.0.x versions (prior to 4.0.10.18) are affected."
31,CVE-2016-9848,200,None,#NAME?,12/10/16,6/30/17,5,None,Remote,Low,Not required,Partial,None,None,"An issue was discovered in phpMyAdmin. phpinfo (phpinfo.php) shows PHP information including values of HttpOnly cookies. All 4.6.x versions (prior to 4.6.5), 4.4.x versions (prior to 4.4.15.9), and 4.0.x versions (prior to 4.0.10.18) are affected."
32,CVE-2016-9847,310,None,None,12/10/16,6/30/17,5,None,Remote,Low,Not required,Partial,None,None,"An issue was discovered in phpMyAdmin. When the user does not specify a blowfish_secret key for encrypting cookies, phpMyAdmin generates one at runtime. A vulnerability was reported where the way this value is created uses a weak algorithm. This could allow an attacker to determine the user's blowfish_secret and potentially decrypt their cookies. All 4.6.x versions (prior to 4.6.5), 4.4.x versions (prior to 4.4.15.9), and 4.0.x versions (prior to 4.0.10.18) are affected."
33,CVE-2016-6633,None,None,Exec Code,12/10/16,6/30/17,6.8,None,Remote,Medium,Not required,Partial,Partial,Partial,"An issue was discovered in phpMyAdmin. phpMyAdmin can be used to trigger a remote code execution attack against certain PHP installations that are running with the dbase extension. All 4.6.x versions (prior to 4.6.4), 4.4.x versions (prior to 4.4.15.8), and 4.0.x versions (prior to 4.0.10.17) are affected."
34,CVE-2016-6632,399,None,None,12/10/16,6/30/17,4.3,None,Remote,Medium,Not required,None,None,Partial,"An issue was discovered in phpMyAdmin where, under certain conditions, phpMyAdmin may not delete temporary files during the import of ESRI files. All 4.6.x versions (prior to 4.6.4), 4.4.x versions (prior to 4.4.15.8), and 4.0.x versions (prior to 4.0.10.17) are affected."
35,CVE-2016-6631,78,None,Exec Code,12/10/16,6/30/17,8.5,None,Remote,Medium,Single system,Complete,Complete,Complete,"An issue was discovered in phpMyAdmin. A user can execute a remote code execution attack against a server when phpMyAdmin is being run as a CGI application. Under certain server configurations, a user can pass a query string which is executed as a command-line argument by the file generator_plugin.sh. All 4.6.x versions (prior to 4.6.4), 4.4.x versions (prior to 4.4.15.8), and 4.0.x versions (prior to 4.0.10.17) are affected."
36,CVE-2016-6630,20,None,None,12/10/16,6/30/17,4,None,Remote,Low,Single system,None,None,Partial,"An issue was discovered in phpMyAdmin. An authenticated user can trigger a denial-of-service (DoS) attack by entering a very long password at the change password dialog. All 4.6.x versions (prior to 4.6.4), 4.4.x versions (prior to 4.4.15.8), and 4.0.x versions (prior to 4.0.10.17) are affected."
37,CVE-2016-6629,254,None,Bypass,12/10/16,6/30/17,10,None,Remote,Low,Not required,Complete,Complete,Complete,"An issue was discovered in phpMyAdmin involving the $cfg['ArbitraryServerRegexp'] configuration directive. An attacker could reuse certain cookie values in a way of bypassing the servers defined by ArbitraryServerRegexp. All 4.6.x versions (prior to 4.6.4), 4.4.x versions (prior to 4.4.15.8), and 4.0.x versions (prior to 4.0.10.17) are affected."
38,CVE-2016-6628,254,None,None,12/10/16,6/30/17,6.8,None,Remote,Medium,Not required,Partial,Partial,Partial,"An issue was discovered in phpMyAdmin. An attacker may be able to trigger a user to download a specially crafted malicious SVG file. All 4.6.x versions (prior to 4.6.4), 4.4.x versions (prior to 4.4.15.8), and 4.0.x versions (prior to 4.0.10.17) are affected."
39,CVE-2016-6627,200,None,#NAME?,12/10/16,6/30/17,5,None,Remote,Low,Not required,Partial,None,None,"An issue was discovered in phpMyAdmin. An attacker can determine the phpMyAdmin host location through the file url.php. All 4.6.x versions (prior to 4.6.4), 4.4.x versions (prior to 4.4.15.8), and 4.0.x versions (prior to 4.0.10.17) are affected."
40,CVE-2016-6626,254,None,None,12/10/16,6/30/17,5.8,None,Remote,Medium,Not required,Partial,Partial,None,"An issue was discovered in phpMyAdmin. An attacker could redirect a user to a malicious web page. All 4.6.x versions (prior to 4.6.4), 4.4.x versions (prior to 4.4.15.8), and 4.0.x versions (prior to 4.0.10.17) are affected."
41,CVE-2016-6625,200,None,#NAME?,12/10/16,6/30/17,4,None,Remote,Low,Single system,Partial,None,None,"An issue was discovered in phpMyAdmin. An attacker can determine whether a user is logged in to phpMyAdmin. The user's session, username, and password are not compromised by this vulnerability. All 4.6.x versions (prior to 4.6.4), 4.4.x versions (prior to 4.4.15.8), and 4.0.x versions (prior to 4.0.10.17) are affected."
42,CVE-2016-6624,254,None,None,12/10/16,6/30/17,4.3,None,Remote,Medium,Not required,None,Partial,None,"An issue was discovered in phpMyAdmin involving improper enforcement of the IP-based authentication rules. When phpMyAdmin is used with IPv6 in a proxy server environment, and the proxy server is in the allowed range but the attacking computer is not allowed, this vulnerability can allow the attacking computer to connect despite the IP rules. All 4.6.x versions (prior to 4.6.4), 4.4.x versions (prior to 4.4.15.8), and 4.0.x versions (prior to 4.0.10.17) are affected."
43,CVE-2016-6623,20,None,Bypass,12/10/16,6/30/17,4,None,Remote,Low,Single system,None,None,Partial,"An issue was discovered in phpMyAdmin. An authorized user can cause a denial-of-service (DoS) attack on a server by passing large values to a loop. All 4.6.x versions (prior to 4.6.4), 4.4.x versions (prior to 4.4.15.8), and 4.0.x versions (prior to 4.0.10.17) are affected."
44,CVE-2016-6622,399,None,None,12/10/16,7/7/18,4.3,None,Remote,Medium,Not required,None,None,Partial,"An issue was discovered in phpMyAdmin. An unauthenticated user is able to execute a denial-of-service (DoS) attack by forcing persistent connections when phpMyAdmin is running with $cfg['AllowArbitraryServer']=true. All 4.6.x versions (prior to 4.6.4), 4.4.x versions (prior to 4.4.15.8), and 4.0.x versions (prior to 4.0.10.17) are affected."
45,CVE-2016-6621,918,None,None,1/31/17,7/7/18,5,None,Remote,Low,Not required,Partial,None,None,"The setup script for phpMyAdmin before 4.0.10.19, 4.4.x before 4.4.15.10, and 4.6.x before 4.6.6 allows remote attackers to conduct server-side request forgery (SSRF) attacks via unspecified vectors."
46,CVE-2016-6620,502,None,Exec Code,12/10/16,7/7/18,7.5,None,Remote,Low,Not required,Partial,Partial,Partial,"An issue was discovered in phpMyAdmin. Some data is passed to the PHP unserialize() function without verification that it's valid serialized data. The unserialization can result in code execution because of the interaction with object instantiation and autoloading. All 4.6.x versions (prior to 4.6.4), 4.4.x versions (prior to 4.4.15.8), and 4.0.x versions (prior to 4.0.10.17) are affected."
47,CVE-2016-6619,89,None,Sql,12/10/16,7/7/18,6.5,None,Remote,Low,Single system,Partial,Partial,Partial,"An issue was discovered in phpMyAdmin. In the user interface preference feature, a user can execute an SQL injection attack against the account of the control user. All 4.6.x versions (prior to 4.6.4), 4.4.x versions (prior to 4.4.15.8), and 4.0.x versions (prior to 4.0.10.17) are affected."
48,CVE-2016-6618,None,None,None,12/10/16,7/7/18,4,None,Remote,Low,Single system,None,None,Partial,"An issue was discovered in phpMyAdmin. The transformation feature allows a user to trigger a denial-of-service (DoS) attack against the server. All 4.6.x versions (prior to 4.6.4), 4.4.x versions (prior to 4.4.15.8), and 4.0.x versions (prior to 4.0.10.17) are affected."
49,CVE-2016-6617,89,None,Sql,12/10/16,6/30/17,6.8,None,Remote,Medium,Not required,Partial,Partial,Partial,An issue was discovered in phpMyAdmin. A specially crafted database and/or table name can be used to trigger an SQL injection attack through the export functionality. All 4.6.x versions (prior to 4.6.4) are affected.
50,CVE-2016-6616,89,None,Sql,12/10/16,7/7/18,6.8,None,Remote,Medium,Not required,Partial,Partial,Partial,"An issue was discovered in phpMyAdmin. In the ""User group"" and ""Designer"" features, a user can execute an SQL injection attack against the account of the control user. All 4.6.x versions (prior to 4.6.4) and 4.4.x versions (prior to 4.4.15.8) are affected."
51,CVE-2016-6615,79,None,XSS,12/10/16,7/7/18,4.3,None,Remote,Medium,Not required,None,Partial,None,"XSS issues were discovered in phpMyAdmin. This affects navigation pane and database/table hiding feature (a specially-crafted database name can be used to trigger an XSS attack); the ""Tracking"" feature (a specially-crafted query can be used to trigger an XSS attack); and GIS visualization feature. All 4.6.x versions (prior to 4.6.4) and 4.4.x versions (prior to 4.4.15.8) are affected."
52,CVE-2016-6614,22,None,Dir. Trav.,12/10/16,7/7/18,4.3,None,Remote,Medium,Not required,Partial,None,None,"An issue was discovered in phpMyAdmin involving the %u username replacement functionality of the SaveDir and UploadDir features. When the username substitution is configured, a specially-crafted user name can be used to circumvent restrictions to traverse the file system. All 4.6.x versions (prior to 4.6.4), 4.4.x versions (prior to 4.4.15.8), and 4.0.x versions (prior to 4.0.10.17) are affected."
53,CVE-2016-6613,200,None,#NAME?,12/10/16,6/30/17,2.1,None,Remote,High,Single system,Partial,None,None,"An issue was discovered in phpMyAdmin. A user can specially craft a symlink on disk, to a file which phpMyAdmin is permitted to read but the user is not, which phpMyAdmin will then expose to the user. All 4.6.x versions (prior to 4.6.4), 4.4.x versions (prior to 4.4.15.8), and 4.0.x versions (prior to 4.0.10.17) are affected."
54,CVE-2016-6612,200,None,#NAME?,12/10/16,6/30/17,4,None,Remote,Low,Single system,Partial,None,None,"An issue was discovered in phpMyAdmin. A user can exploit the LOAD LOCAL INFILE functionality to expose files on the server to the database system. All 4.6.x versions (prior to 4.6.4), 4.4.x versions (prior to 4.4.15.8), and 4.0.x versions (prior to 4.0.10.17) are affected."
55,CVE-2016-6611,89,None,Sql,12/10/16,6/30/17,5.1,None,Remote,High,Not required,Partial,Partial,Partial,"An issue was discovered in phpMyAdmin. A specially crafted database and/or table name can be used to trigger an SQL injection attack through the export functionality. All 4.6.x versions (prior to 4.6.4), 4.4.x versions (prior to 4.4.15.8), and 4.0.x versions (prior to 4.0.10.17) are affected."
56,CVE-2016-6610,200,None,#NAME?,12/10/16,6/30/17,4,None,Remote,Low,Single system,Partial,None,None,"A full path disclosure vulnerability was discovered in phpMyAdmin where a user can trigger a particular error in the export mechanism to discover the full path of phpMyAdmin on the disk. All 4.6.x versions (prior to 4.6.4), 4.4.x versions (prior to 4.4.15.8), and 4.0.x versions (prior to 4.0.10.17) are affected."
57,CVE-2016-6609,77,None,None,12/10/16,7/7/18,6.5,None,Remote,Low,Single system,Partial,Partial,Partial,"An issue was discovered in phpMyAdmin. A specially crafted database name could be used to run arbitrary PHP commands through the array export feature. All 4.6.x versions (prior to 4.6.4), 4.4.x versions (prior to 4.4.15.8), and 4.0.x versions (prior to 4.0.10.17) are affected."
58,CVE-2016-6608,79,None,XSS,12/10/16,6/30/17,4.3,None,Remote,Medium,Not required,None,Partial,None,"XSS issues were discovered in phpMyAdmin. This affects the database privilege check and the ""Remove partitioning"" functionality. Specially crafted database names can trigger the XSS attack. All 4.6.x versions (prior to 4.6.4) are affected."
59,CVE-2016-6607,79,None,XSS,12/10/16,6/30/17,4.3,None,Remote,Medium,Not required,None,Partial,None,"XSS issues were discovered in phpMyAdmin. This affects Zoom search (specially crafted column content can be used to trigger an XSS attack); GIS editor (certain fields in the graphical GIS editor are not properly escaped and can be used to trigger an XSS attack); Relation view; the following Transformations: Formatted, Imagelink, JPEG: Upload, RegexValidation, JPEG inline, PNG inline, and transformation wrapper; XML export; MediaWiki export; Designer; When the MySQL server is running with a specially-crafted log_bin directive; Database tab; Replication feature; and Database search. All 4.6.x versions (prior to 4.6.4), 4.4.x versions (prior to 4.4.15.8), and 4.0.x versions (prior to 4.0.10.17) are affected."
60,CVE-2016-6606,310,None,None,12/10/16,6/30/17,5,None,Remote,Low,Not required,Partial,None,None,"An issue was discovered in cookie encryption in phpMyAdmin. The decryption of the username/password is vulnerable to a padding oracle attack. This can allow an attacker who has access to a user's browser cookie file to decrypt the username and password. Furthermore, the same initialization vector (IV) is used to hash the username and password stored in the phpMyAdmin cookie. If a user has the same password as their username, an attacker who examines the browser cookie can see that they are the same - but the attacker can not directly decode these values from the cookie as it is still hashed. All 4.6.x versions (prior to 4.6.4), 4.4.x versions (prior to 4.4.15.8), and 4.0.x versions (prior to 4.0.10.17) are affected."
61,CVE-2016-5739,200,None,#NAME?,7/2/16,6/30/17,5,None,Remote,Low,Not required,Partial,None,None,"The Transformation implementation in phpMyAdmin 4.0.x before 4.0.10.16, 4.4.x before 4.4.15.7, and 4.6.x before 4.6.3 does not use the no-referrer Content Security Policy (CSP) protection mechanism, which makes it easier for remote attackers to conduct CSRF attacks by reading an authentication token in a Referer header, related to libraries/Header.php."
62,CVE-2016-5734,94,None,Exec Code,7/2/16,6/30/17,7.5,None,Remote,Low,Not required,Partial,Partial,Partial,"phpMyAdmin 4.0.x before 4.0.10.16, 4.4.x before 4.4.15.7, and 4.6.x before 4.6.3 does not properly choose delimiters to prevent use of the preg_replace e (aka eval) modifier, which might allow remote attackers to execute arbitrary PHP code via a crafted string, as demonstrated by the table search-and-replace implementation."
63,CVE-2016-5733,79,None,XSS,7/2/16,6/30/17,4.3,None,Remote,Medium,Not required,None,Partial,None,"Multiple cross-site scripting (XSS) vulnerabilities in phpMyAdmin 4.0.x before 4.0.10.16, 4.4.x before 4.4.15.7, and 4.6.x before 4.6.3 allow remote attackers to inject arbitrary web script or HTML via vectors involving (1) a crafted table name that is mishandled during privilege checking in table_row.phtml, (2) a crafted mysqld log_bin directive that is mishandled in log_selector.phtml, (3) the Transformation implementation, (4) AJAX error handling in js/ajax.js, (5) the Designer implementation, (6) the charts implementation in js/tbl_chart.js, or (7) the zoom-search implementation in rows_zoom.phtml."
64,CVE-2016-5732,79,None,XSS,7/2/16,6/30/17,4.3,None,Remote,Medium,Not required,None,Partial,None,Multiple cross-site scripting (XSS) vulnerabilities in the partition-range implementation in templates/table/structure/display_partitions.phtml in the table-structure page in phpMyAdmin 4.6.x before 4.6.3 allow remote attackers to inject arbitrary web script or HTML via crafted table parameters.
65,CVE-2016-5731,79,None,XSS,7/2/16,6/30/17,4.3,None,Remote,Medium,Not required,None,Partial,None,"Cross-site scripting (XSS) vulnerability in examples/openid.php in phpMyAdmin 4.0.x before 4.0.10.16, 4.4.x before 4.4.15.7, and 4.6.x before 4.6.3 allows remote attackers to inject arbitrary web script or HTML via vectors involving an OpenID error message."
66,CVE-2016-5730,200,None,#NAME?,7/2/16,6/30/17,5,None,Remote,Low,Not required,Partial,None,None,"phpMyAdmin 4.0.x before 4.0.10.16, 4.4.x before 4.4.15.7, and 4.6.x before 4.6.3 allows remote attackers to obtain sensitive information via vectors involving (1) an array value to FormDisplay.php, (2) incorrect data to validate.php, (3) unexpected data to Validator.php, (4) a missing config directory during setup, or (5) an incorrect OpenID identifier data type, which reveals the full path in an error message."
67,CVE-2016-5706,399,None,DoS,7/2/16,6/30/17,5,None,Remote,Low,Not required,None,None,Partial,"js/get_scripts.js.php in phpMyAdmin 4.0.x before 4.0.10.16, 4.4.x before 4.4.15.7, and 4.6.x before 4.6.3 allows remote attackers to cause a denial of service via a large array in the scripts parameter."
68,CVE-2016-5705,79,None,XSS,7/2/16,6/30/17,4.3,None,Remote,Medium,Not required,None,Partial,None,"Multiple cross-site scripting (XSS) vulnerabilities in phpMyAdmin 4.4.x before 4.4.15.7 and 4.6.x before 4.6.3 allow remote attackers to inject arbitrary web script or HTML via vectors involving (1) server-privileges certificate data fields on the user privileges page, (2) an ""invalid JSON"" error message in the error console, (3) a database name in the central columns implementation, (4) a group name, or (5) a search name in the bookmarks implementation."
69,CVE-2016-5704,79,None,XSS,7/2/16,6/30/17,4.3,None,Remote,Medium,Not required,None,Partial,None,Cross-site scripting (XSS) vulnerability in the table-structure page in phpMyAdmin 4.6.x before 4.6.3 allows remote attackers to inject arbitrary web script or HTML via vectors involving a comment.
70,CVE-2016-5703,89,None,Exec Code Sql,7/2/16,6/30/17,7.5,None,Remote,Low,Not required,Partial,Partial,Partial,SQL injection vulnerability in libraries/central_columns.lib.php in phpMyAdmin 4.4.x before 4.4.15.7 and 4.6.x before 4.6.3 allows remote attackers to execute arbitrary SQL commands via a crafted database name that is mishandled in a central column query.
71,CVE-2016-5702,254,None,None,7/2/16,6/30/17,4.3,None,Remote,Medium,Not required,None,Partial,None,"phpMyAdmin 4.6.x before 4.6.3, when the environment lacks a PHP_SELF value, allows remote attackers to conduct cookie-attribute injection attacks via a crafted URI."
72,CVE-2016-5701,74,None,None,7/2/16,6/30/17,4.3,None,Remote,Medium,Not required,None,Partial,None,"setup/frames/index.inc.php in phpMyAdmin 4.0.10.x before 4.0.10.16, 4.4.15.x before 4.4.15.7, and 4.6.x before 4.6.3 allows remote attackers to conduct BBCode injection attacks against HTTP sessions via a crafted URI."
73,CVE-2016-5099,79,None,XSS,7/4/16,9/1/17,4.3,None,Remote,Medium,Not required,None,Partial,None,Cross-site scripting (XSS) vulnerability in phpMyAdmin 4.4.x before 4.4.15.6 and 4.6.x before 4.6.2 allows remote attackers to inject arbitrary web script or HTML via special characters that are mishandled during double URL decoding.
74,CVE-2016-5098,22,None,Dir. Trav.,7/4/16,9/1/17,5,None,Remote,Low,Not required,Partial,None,None,Directory traversal vulnerability in libraries/error_report.lib.php in phpMyAdmin before 4.6.2-prerelease allows remote attackers to determine the existence of arbitrary files by triggering an error.
75,CVE-2016-5097,200,None,#NAME?,7/4/16,9/1/17,5,None,Remote,Low,Not required,Partial,None,None,"phpMyAdmin before 4.6.2 places tokens in query strings and does not arrange for them to be stripped before external navigation, which allows remote attackers to obtain sensitive information by reading (1) HTTP requests or (2) server logs."
76,CVE-2016-4412,254,None,None,12/10/16,6/30/17,3.6,None,Remote,High,Single system,Partial,Partial,None,"An issue was discovered in phpMyAdmin. A user can be tricked into following a link leading to phpMyAdmin, which after authentication redirects to another malicious site. The attacker must sniff the user's valid phpMyAdmin token. All 4.0.x versions (prior to 4.0.10.16) are affected."
77,CVE-2016-2562,20,None,#NAME?,3/1/16,12/2/16,5.8,None,Remote,Medium,Not required,Partial,Partial,None,"The checkHTTP function in libraries/Config.class.php in phpMyAdmin 4.5.x before 4.5.5.1 does not verify X.509 certificates from api.github.com SSL servers, which allows man-in-the-middle attackers to spoof these servers and obtain sensitive information via a crafted certificate."
78,CVE-2016-2561,79,None,XSS,3/1/16,12/2/16,3.5,None,Remote,Medium,Single system,None,Partial,None,"Multiple cross-site scripting (XSS) vulnerabilities in phpMyAdmin 4.4.x before 4.4.15.5 and 4.5.x before 4.5.5.1 allow remote authenticated users to inject arbitrary web script or HTML via (1) normalization.php or (2) js/normalization.js in the database normalization page, (3) templates/database/structure/sortable_header.phtml in the database structure page, or (4) the pos parameter to db_central_columns.php in the central columns page."
79,CVE-2016-2560,79,None,XSS,3/1/16,12/2/16,4.3,None,Remote,Medium,Not required,None,Partial,None,"Multiple cross-site scripting (XSS) vulnerabilities in phpMyAdmin 4.0.x before 4.0.10.15, 4.4.x before 4.4.15.5, and 4.5.x before 4.5.5.1 allow remote attackers to inject arbitrary web script or HTML via (1) a crafted Host HTTP header, related to libraries/Config.class.php; (2) crafted JSON data, related to file_echo.php; (3) a crafted SQL query, related to js/functions.js; (4) the initial parameter to libraries/server_privileges.lib.php in the user accounts page; or (5) the it parameter to libraries/controllers/TableSearchController.class.php in the zoom search page."
80,CVE-2016-2559,79,None,XSS,3/1/16,12/2/16,3.5,None,Remote,Medium,Single system,None,Partial,None,Cross-site scripting (XSS) vulnerability in the format function in libraries/sql-parser/src/Utils/Error.php in the SQL parser in phpMyAdmin 4.5.x before 4.5.5.1 allows remote authenticated users to inject arbitrary web script or HTML via a crafted query.
81,CVE-2016-2045,79,None,XSS,2/19/16,8/2/16,3.5,None,Remote,Medium,Single system,None,Partial,None,Cross-site scripting (XSS) vulnerability in the SQL editor in phpMyAdmin 4.5.x before 4.5.4 allows remote authenticated users to inject arbitrary web script or HTML via a SQL query that triggers JSON data in a response.
82,CVE-2016-2044,200,None,#NAME?,2/19/16,8/17/16,5,None,Remote,Low,Not required,Partial,None,None,"libraries/sql-parser/autoload.php in the SQL parser in phpMyAdmin 4.5.x before 4.5.4 allows remote attackers to obtain sensitive information via a crafted request, which reveals the full path in an error message."
83,CVE-2016-2043,79,None,XSS,2/19/16,8/17/16,3.5,None,Remote,Medium,Single system,None,Partial,None,Cross-site scripting (XSS) vulnerability in the goToFinish1NF function in js/normalization.js in phpMyAdmin 4.4.x before 4.4.15.3 and 4.5.x before 4.5.4 allows remote authenticated users to inject arbitrary web script or HTML via a table name to the normalization page.
84,CVE-2016-2042,200,None,#NAME?,2/19/16,8/17/16,5,None,Remote,Low,Not required,Partial,None,None,"phpMyAdmin 4.4.x before 4.4.15.3 and 4.5.x before 4.5.4 allows remote attackers to obtain sensitive information via a crafted request to (1) libraries/phpseclib/Crypt/AES.php or (2) libraries/phpseclib/Crypt/Rijndael.php, which reveals the full path in an error message."
85,CVE-2016-2041,254,None,Bypass CSRF,2/19/16,11/28/16,5,None,Remote,Low,Not required,None,Partial,None,"libraries/common.inc.php in phpMyAdmin 4.0.x before 4.0.10.13, 4.4.x before 4.4.15.3, and 4.5.x before 4.5.4 does not use a constant-time algorithm for comparing CSRF tokens, which makes it easier for remote attackers to bypass intended access restrictions by measuring time differences."
86,CVE-2016-2040,79,None,XSS,2/19/16,11/28/16,3.5,None,Remote,Medium,Single system,None,Partial,None,"Multiple cross-site scripting (XSS) vulnerabilities in phpMyAdmin 4.0.x before 4.0.10.13, 4.4.x before 4.4.15.3, and 4.5.x before 4.5.4 allow remote authenticated users to inject arbitrary web script or HTML via a (1) table name, (2) SET value, (3) search query, or (4) hostname in a Location header."
87,CVE-2016-2039,200,None,Bypass +Info CSRF,2/19/16,11/28/16,5,None,Remote,Low,Not required,Partial,None,None,"libraries/session.inc.php in phpMyAdmin 4.0.x before 4.0.10.13, 4.4.x before 4.4.15.3, and 4.5.x before 4.5.4 does not properly generate CSRF token values, which allows remote attackers to bypass intended access restrictions by predicting a value."
88,CVE-2016-2038,200,None,#NAME?,2/19/16,8/17/16,5,None,Remote,Low,Not required,Partial,None,None,"phpMyAdmin 4.0.x before 4.0.10.13, 4.4.x before 4.4.15.3, and 4.5.x before 4.5.4 allows remote attackers to obtain sensitive information via a crafted request, which reveals the full path in an error message."
89,CVE-2016-1927,254,None,None,2/19/16,11/28/16,5,None,Remote,Low,Not required,Partial,None,None,"The suggestPassword function in js/functions.js in phpMyAdmin 4.0.x before 4.0.10.13, 4.4.x before 4.4.15.3, and 4.5.x before 4.5.4 relies on the Math.random JavaScript function, which makes it easier for remote attackers to guess passwords via a brute-force approach."
90,CVE-2015-8669,200,None,#NAME?,12/26/15,12/7/16,5,None,Remote,Low,Not required,Partial,None,None,"libraries/config/messages.inc.php in phpMyAdmin 4.0.x before 4.0.10.12, 4.4.x before 4.4.15.2, and 4.5.x before 4.5.3.1 allows remote attackers to obtain sensitive information via a crafted request, which reveals the full path in an error message."
91,CVE-2015-7873,254,None,None,10/28/15,12/7/16,5,None,Remote,Low,Not required,None,Partial,None,The redirection feature in url.php in phpMyAdmin 4.4.x before 4.4.15.1 and 4.5.x before 4.5.1 allows remote attackers to spoof content via the url parameter.
92,CVE-2015-6830,200,None,Bypass +Info,9/13/15,12/21/16,5,None,Remote,Low,Not required,Partial,None,None,libraries/plugins/auth/AuthenticationCookie.class.php in phpMyAdmin 4.3.x before 4.3.13.2 and 4.4.x before 4.4.14.1 allows remote attackers to bypass a multiple-reCaptcha protection mechanism against brute-force credential guessing by providing a correct response to a single reCaptcha.
93,CVE-2015-3903,310,None,#NAME?,5/26/15,12/27/16,4.3,None,Remote,Medium,Not required,None,Partial,None,"libraries/Config.class.php in phpMyAdmin 4.0.x before 4.0.10.10, 4.2.x before 4.2.13.3, 4.3.x before 4.3.13.1, and 4.4.x before 4.4.6.1 disables X.509 certificate verification for GitHub API calls over SSL, which allows man-in-the-middle attackers to spoof servers and obtain sensitive information via a crafted certificate."
94,CVE-2015-3902,352,None,CSRF,5/26/15,12/27/16,6.8,None,Remote,Medium,Not required,Partial,Partial,Partial,"Multiple cross-site request forgery (CSRF) vulnerabilities in the setup process in phpMyAdmin 4.0.x before 4.0.10.10, 4.2.x before 4.2.13.3, 4.3.x before 4.3.13.1, and 4.4.x before 4.4.6.1 allow remote attackers to hijack the authentication of administrators for requests that modify the configuration file."
95,CVE-2015-2206,200,None,#NAME?,3/9/15,12/27/16,5,None,Remote,Low,Not required,Partial,None,None,"libraries/select_lang.lib.php in phpMyAdmin 4.0.x before 4.0.10.9, 4.2.x before 4.2.13.2, and 4.3.x before 4.3.11.1 includes invalid language values in unknown-language error responses that contain a CSRF token and may be sent with HTTP compression, which makes it easier for remote attackers to conduct a BREACH attack and determine this token via a series of crafted requests."
96,CVE-2014-9219,79,None,XSS,12/8/14,9/7/17,4.3,None,Remote,Medium,Not required,None,Partial,None,Cross-site scripting (XSS) vulnerability in the redirection feature in url.php in phpMyAdmin 4.2.x before 4.2.13.1 allows remote attackers to inject arbitrary web script or HTML via the url parameter.
97,CVE-2014-9218,399,None,DoS,12/8/14,9/7/17,5,None,Remote,Low,Not required,None,None,Partial,"libraries/common.inc.php in phpMyAdmin 4.0.x before 4.0.10.7, 4.1.x before 4.1.14.8, and 4.2.x before 4.2.13.1 allows remote attackers to cause a denial of service (resource consumption) via a long password."
98,CVE-2014-8961,22,None,Dir. Trav. +Info,11/30/14,12/30/16,4,None,Remote,Low,Single system,Partial,None,None,Directory traversal vulnerability in libraries/error_report.lib.php in the error-reporting feature in phpMyAdmin 4.1.x before 4.1.14.7 and 4.2.x before 4.2.12 allows remote authenticated users to obtain potentially sensitive information about a file's line count via a crafted parameter.
99,CVE-2014-8960,79,None,XSS,11/30/14,12/21/16,3.5,None,Remote,Medium,Single system,None,Partial,None,Cross-site scripting (XSS) vulnerability in libraries/error_report.lib.php in the error-reporting feature in phpMyAdmin 4.1.x before 4.1.14.7 and 4.2.x before 4.2.12 allows remote authenticated users to inject arbitrary web script or HTML via a crafted filename.
100,CVE-2014-8959,22,None,Dir. Trav.,11/30/14,12/30/16,6.5,None,Remote,Low,Single system,Partial,Partial,Partial,"Directory traversal vulnerability in libraries/gis/GIS_Factory.class.php in the GIS editor in phpMyAdmin 4.0.x before 4.0.10.6, 4.1.x before 4.1.14.7, and 4.2.x before 4.2.12 allows remote authenticated users to include and execute arbitrary local files via a crafted geometry-type parameter."
101,CVE-2014-8958,79,None,XSS,11/30/14,12/21/16,4.3,None,Remote,Medium,Not required,None,Partial,None,"Multiple cross-site scripting (XSS) vulnerabilities in phpMyAdmin 4.0.x before 4.0.10.6, 4.1.x before 4.1.14.7, and 4.2.x before 4.2.12 allow remote authenticated users to inject arbitrary web script or HTML via a crafted (1) database, (2) table, or (3) column name that is improperly handled during rendering of the table browse page; a crafted ENUM value that is improperly handled during rendering of the (4) table print view or (5) zoom search page; or (6) a crafted pma_fontsize cookie that is improperly handled during rendering of the home page."
102,CVE-2014-8326,79,None,XSS,11/5/14,8/6/15,3.5,None,Remote,Medium,Single system,None,Partial,None,"Multiple cross-site scripting (XSS) vulnerabilities in phpMyAdmin 4.0.x before 4.0.10.5, 4.1.x before 4.1.14.6, and 4.2.x before 4.2.10.1 allow remote authenticated users to inject arbitrary web script or HTML via a crafted (1) database name or (2) table name, related to the libraries/DatabaseInterface.class.php code for SQL debug output and the js/server_status_monitor.js code for the server monitor page."
103,CVE-2014-7217,79,None,XSS,10/2/14,4/4/16,3.5,None,Remote,Medium,Single system,None,Partial,None,"Multiple cross-site scripting (XSS) vulnerabilities in phpMyAdmin 4.0.x before 4.0.10.4, 4.1.x before 4.1.14.5, and 4.2.x before 4.2.9.1 allow remote authenticated users to inject arbitrary web script or HTML via a crafted ENUM value that is improperly handled during rendering of the (1) table search or (2) table structure page, related to libraries/TableSearch.class.php and libraries/Util.class.php."
104,CVE-2014-6300,79,None,XSS CSRF,11/8/14,12/21/16,4.3,None,Remote,Medium,Not required,None,Partial,None,"Cross-site scripting (XSS) vulnerability in the micro history implementation in phpMyAdmin 4.0.x before 4.0.10.3, 4.1.x before 4.1.14.4, and 4.2.x before 4.2.8.1 allows remote attackers to inject arbitrary web script or HTML, and consequently conduct a cross-site request forgery (CSRF) attack to create a root account, via a crafted URL, related to js/ajax.js."
105,CVE-2014-5274,79,None,XSS,8/21/14,11/16/15,3.5,None,Remote,Medium,Single system,None,Partial,None,"Cross-site scripting (XSS) vulnerability in the view operations page in phpMyAdmin 4.1.x before 4.1.14.3 and 4.2.x before 4.2.7.1 allows remote authenticated users to inject arbitrary web script or HTML via a crafted view name, related to js/functions.js."
106,CVE-2014-5273,79,None,XSS,8/21/14,10/16/14,3.5,None,Remote,Medium,Single system,None,Partial,None,"Multiple cross-site scripting (XSS) vulnerabilities in phpMyAdmin 4.0.x before 4.0.10.2, 4.1.x before 4.1.14.3, and 4.2.x before 4.2.7.1 allow remote authenticated users to inject arbitrary web script or HTML via the (1) browse table page, related to js/sql.js; (2) ENUM editor page, related to js/functions.js; (3) monitor page, related to js/server_status_monitor.js; (4) query charts page, related to js/tbl_chart.js; or (5) table relations page, related to libraries/tbl_relation.lib.php."
107,CVE-2014-4987,264,None,Bypass,7/20/14,12/30/16,4,None,Remote,Low,Single system,Partial,None,None,server_user_groups.php in phpMyAdmin 4.1.x before 4.1.14.2 and 4.2.x before 4.2.6 allows remote authenticated users to bypass intended access restrictions and read the MySQL user list via a viewUsers request.
108,CVE-2014-4986,79,None,XSS,7/20/14,12/21/16,3.5,None,Remote,Medium,Single system,None,Partial,None,"Multiple cross-site scripting (XSS) vulnerabilities in js/functions.js in phpMyAdmin 4.0.x before 4.0.10.1, 4.1.x before 4.1.14.2, and 4.2.x before 4.2.6 allow remote authenticated users to inject arbitrary web script or HTML via a crafted (1) table name or (2) column name that is improperly handled during construction of an AJAX confirmation message."
109,CVE-2014-4955,79,None,XSS,7/20/14,9/3/15,3.5,None,Remote,Medium,Single system,None,Partial,None,"Cross-site scripting (XSS) vulnerability in the PMA_TRI_getRowForList function in libraries/rte/rte_list.lib.php in phpMyAdmin 4.0.x before 4.0.10.1, 4.1.x before 4.1.14.2, and 4.2.x before 4.2.6 allows remote authenticated users to inject arbitrary web script or HTML via a crafted trigger name that is improperly handled on the database triggers page."
110,CVE-2014-4954,79,None,XSS,7/20/14,9/3/15,3.5,None,Remote,Medium,Single system,None,Partial,None,Cross-site scripting (XSS) vulnerability in the PMA_getHtmlForActionLinks function in libraries/structure.lib.php in phpMyAdmin 4.2.x before 4.2.6 allows remote authenticated users to inject arbitrary web script or HTML via a crafted table comment that is improperly handled during construction of a database structure page.
111,CVE-2014-4349,79,None,XSS,6/25/14,9/2/15,3.5,None,Remote,Medium,Single system,None,Partial,None,Multiple cross-site scripting (XSS) vulnerabilities in phpMyAdmin 4.1.x before 4.1.14.1 and 4.2.x before 4.2.4 allow remote authenticated users to inject arbitrary web script or HTML via a crafted table name that is improperly handled after a (1) hide or (2) unhide action.
112,CVE-2014-4348,79,None,XSS,6/25/14,9/2/15,3.5,None,Remote,Medium,Single system,None,Partial,None,Multiple cross-site scripting (XSS) vulnerabilities in phpMyAdmin 4.2.x before 4.2.4 allow remote authenticated users to inject arbitrary web script or HTML via a crafted (1) database name or (2) table name that is improperly handled after presence in (a) the favorite list or (b) recent tables.
113,CVE-2014-1879,79,None,XSS,2/20/14,8/5/15,3.5,None,Remote,Medium,Single system,None,Partial,None,Cross-site scripting (XSS) vulnerability in import.php in phpMyAdmin before 4.1.7 allows remote authenticated users to inject arbitrary web script or HTML via a crafted filename in an import action.