#,CVE ID,CWE ID,# of Exploits,Vulnerability Type(s),Publish Date,Update Date,Score,Gained Access Level,Access,Complexity,Authentication,Conf.,Integ.,Avail.,Description
1,CVE-2017-9822,20,None,Exec Code,2017-07-20,2017-12-20,6.5,None,Remote,Low,Single system,Partial,Partial,Partial,"DNN (aka DotNetNuke) before 9.1.1 has Remote Code Execution via a cookie, aka ""2017-08 (Critical) Possible remote code execution on DNN sites."""
2,CVE-2016-7119,79,None,XSS,2016-08-31,2016-11-28,3.5,None,Remote,Medium,Single system,None,Partial,None,Cross-site scripting (XSS) vulnerability in the user-profile biography section in DotNetNuke (DNN) before 8.0.1 allows remote authenticated users to inject arbitrary web script or HTML via a crafted onclick attribute in an IMG element.
3,CVE-2015-2794,264,None,None,2017-02-06,2017-03-01,7.5,None,Remote,Low,Not required,Partial,Partial,Partial,The installation wizard in DotNetNuke (DNN) before 7.4.1 allows remote attackers to reinstall the application and gain SuperUser access via a direct request to Install/InstallWizard.aspx.
4,CVE-2015-1566,79,None,XSS,2015-02-09,2015-02-09,4.3,None,Remote,Medium,Not required,None,Partial,None,Cross-site scripting (XSS) vulnerability in DotNetNuke (DNN) before 7.4.0 allows remote attackers to inject arbitrary web script or HTML via unspecified vectors.
