#,CVE ID,CWE ID,# of Exploits,Vulnerability Type(s),Publish Date,Update Date,Score,Gained Access Level,Access,Complexity,Authentication,Conf.,Integ.,Avail.,Description
1,CVE-2018-8284,20,None,Exec Code,7/10/18,9/7/18,9.3,None,Remote,Medium,Not required,Complete,Complete,Complete,"A remote code execution vulnerability exists when the Microsoft .NET Framework fails to validate input properly, aka "".NET Framework Remote Code Injection Vulnerability."" This affects Microsoft .NET Framework 2.0, Microsoft .NET Framework 3.0, Microsoft .NET Framework 4.6.2/4.7/4.7.1/4.7.2, Microsoft .NET Framework 4.5.2, Microsoft .NET Framework 4.6, Microsoft .NET Framework 4.7/4.7.1/4.7.2, Microsoft .NET Framework 4.7.1/4.7.2, Microsoft .NET Framework 3.5, Microsoft .NET Framework 3.5.1, Microsoft .NET Framework 4.6/4.6.1/4.6.2, Microsoft .NET Framework 4.6/4.6.1/4.6.2/4.7/4.7.1/4.7.1/4.7.2, Microsoft .NET Framework 4.7.2."
2,CVE-2018-8254,79,None,XSS,6/14/18,8/6/18,3.5,None,Remote,Medium,Single system,None,Partial,None,"An elevation of privilege vulnerability exists when Microsoft SharePoint Server does not properly sanitize a specially crafted web request to an affected SharePoint server, aka ""Microsoft SharePoint Elevation of Privilege Vulnerability."" This affects Microsoft Project Server, Microsoft SharePoint. This CVE ID is unique from CVE-2018-8252."
3,CVE-2018-8252,79,None,XSS,6/14/18,8/6/18,3.5,None,Remote,Medium,Single system,None,Partial,None,"An elevation of privilege vulnerability exists when Microsoft SharePoint Server does not properly sanitize a specially crafted web request to an affected SharePoint server, aka ""Microsoft SharePoint Elevation of Privilege Vulnerability."" This affects Microsoft SharePoint. This CVE ID is unique from CVE-2018-8254."
4,CVE-2018-8168,79,None,XSS,5/9/18,6/5/18,3.5,None,Remote,Medium,Single system,None,Partial,None,"An elevation of privilege vulnerability exists when Microsoft SharePoint Server does not properly sanitize a specially crafted web request to an affected SharePoint server, aka ""Microsoft SharePoint Elevation of Privilege Vulnerability."" This affects Microsoft SharePoint Server, Microsoft SharePoint. This CVE ID is unique from CVE-2018-8149, CVE-2018-8155, CVE-2018-8156."
5,CVE-2018-8161,119,None,Exec Code Overflow,5/9/18,6/5/18,9.3,None,Remote,Medium,Not required,Complete,Complete,Complete,"A remote code execution vulnerability exists in Microsoft Office software when the software fails to properly handle objects in memory, aka ""Microsoft Office Remote Code Execution Vulnerability."" This affects Microsoft Word, Word, Microsoft Office, Microsoft SharePoint. This CVE ID is unique from CVE-2018-8157, CVE-2018-8158."
6,CVE-2018-8160,200,None,#NAME?,5/9/18,6/6/18,4.3,None,Remote,Medium,Not required,Partial,None,None,"An information disclosure vulnerability exists in Outlook when a message is opened, aka ""Microsoft Outlook Information Disclosure Vulnerability."" This affects Word, Microsoft Office."
7,CVE-2018-8156,79,None,XSS,5/9/18,6/5/18,3.5,None,Remote,Medium,Single system,None,Partial,None,"An elevation of privilege vulnerability exists when Microsoft SharePoint Server does not properly sanitize a specially crafted web request to an affected SharePoint server, aka ""Microsoft SharePoint Elevation of Privilege Vulnerability."" This affects Microsoft SharePoint, Microsoft Project Server. This CVE ID is unique from CVE-2018-8149, CVE-2018-8155, CVE-2018-8168."
8,CVE-2018-8155,79,None,XSS,5/9/18,6/5/18,3.5,None,Remote,Medium,Single system,None,Partial,None,"An elevation of privilege vulnerability exists when Microsoft SharePoint Server does not properly sanitize a specially crafted web request to an affected SharePoint server, aka ""Microsoft SharePoint Elevation of Privilege Vulnerability."" This affects Microsoft SharePoint. This CVE ID is unique from CVE-2018-8149, CVE-2018-8156, CVE-2018-8168."
9,CVE-2018-8149,79,None,XSS,5/9/18,6/5/18,3.5,None,Remote,Medium,Single system,None,Partial,None,"An elevation of privilege vulnerability exists when Microsoft SharePoint Server does not properly sanitize a specially crafted web request to an affected SharePoint server, aka ""Microsoft SharePoint Elevation of Privilege Vulnerability."" This affects Microsoft SharePoint Server, Microsoft SharePoint. This CVE ID is unique from CVE-2018-8155, CVE-2018-8156, CVE-2018-8168."
10,CVE-2018-0922,119,None,Exec Code Overflow Mem. Corr.,3/14/18,4/13/18,9.3,None,Remote,Medium,Not required,Complete,Complete,Complete,"Microsoft Office 2010 SP2, 2013 SP1, and 2016, Microsoft Office 2016 Click-to-Run Microsoft Office 2016 for Mac, Microsoft Office Compatibility Pack SP2, Microsoft Office Web Apps 2010 SP2, Microsoft Office Web Apps 2013 SP1, Microsoft Office Word Viewer, Microsoft SharePoint Enterprise Server 2013 SP1, Microsoft SharePoint Enterprise Server 2016, Microsoft Office Compatibility Pack SP2, Microsoft Online Server 2016, Microsoft SharePoint Server 2010 SP2, Microsoft Word 2007 SP3, Microsoft Word 2010 SP2, Word 2013 and Microsoft Word 2016 allow a remote code execution vulnerability due to how objects are handled in memory, aka ""Microsoft Office Memory Corruption Vulnerability""."
11,CVE-2018-0919,200,None,#NAME?,3/14/18,4/9/18,4.3,None,Remote,Medium,Not required,Partial,None,None,"Microsoft Office 2010 SP2, 2013 SP1, and 2016, Microsoft Office 2016 Click-to-Run Microsoft Office 2016 for Mac, Microsoft Office Web Apps 2010 SP2, Microsoft Office Web Apps 2013 SP1, Microsoft SharePoint Enterprise Server 2013 SP1, Microsoft SharePoint Enterprise Server 2016, Microsoft SharePoint Server 2010 SP2, Microsoft Word 2010 SP2, Word 2013 SP1 and Microsoft Word 2016 allow an information disclosure vulnerability due to how variables are initialized, aka ""Microsoft Office Information Disclosure Vulnerability""."
12,CVE-2018-0864,79,None,XSS,2/14/18,3/14/18,3.5,None,Remote,Medium,Single system,None,Partial,None,"SharePoint Project Server 2013 and SharePoint Enterprise Server 2016 allow an information disclosure vulnerability due to how web requests are handled, aka ""Microsoft SharePoint Information Disclosure Vulnerability""."
13,CVE-2018-0797,119,None,Exec Code Overflow Mem. Corr.,1/9/18,2/12/18,9.3,None,Remote,Medium,Not required,Complete,Complete,Complete,"Microsoft Office 2010, Microsoft Office 2013, and Microsoft Office 2016 allow a remote code execution vulnerability due to the way RTF content is handled, aka ""Microsoft Word Memory Corruption Vulnerability""."
14,CVE-2018-0792,119,None,Exec Code Overflow,1/9/18,1/29/18,9.3,None,Remote,Medium,Not required,Complete,Complete,Complete,"Microsoft Word 2016 in Microsoft Office 2016 allows a remote code execution vulnerability due to the way objects are handled in memory, aka ""Microsoft Word Remote Code Execution Vulnerability"". This CVE is unique from CVE-2018-0794."
15,CVE-2018-0789,264,None,None,1/9/18,2/1/18,9,None,Remote,Low,Single system,Complete,Complete,Complete,"Microsoft SharePoint Foundation 2010, Microsoft SharePoint Server 2013 and Microsoft SharePoint Server 2016 allow an elevation of privilege vulnerability due to the way web requests are handled, aka ""Microsoft SharePoint Elevation of Privilege Vulnerability"". This CVE is unique from CVE-2018-0790."
16,CVE-2017-11826,119,None,Exec Code Overflow,10/13/17,12/11/17,9.3,None,Remote,Medium,Not required,Complete,Complete,Complete,"Microsoft Office 2010, SharePoint Enterprise Server 2010, SharePoint Server 2010, Web Applications, Office Web Apps Server 2010 and 2013, Word Viewer, Word 2007, 2010, 2013 and 2016, Word Automation Services, and Office Online Server allow remote code execution when the software fails to properly handle objects in memory."
17,CVE-2017-8743,119,None,Exec Code Overflow,9/12/17,9/21/17,9.3,None,Remote,Medium,Not required,Complete,Complete,Complete,"A remote code execution vulnerability exists in Microsoft PowerPoint 2016, Microsoft SharePoint Enterprise Server 2016, and Office Online Server when they fail to properly handle objects in memory, aka ""PowerPoint Remote Code Execution Vulnerability"". This CVE ID is unique from CVE-2017-8742."
18,CVE-2017-8742,119,None,Exec Code Overflow,9/12/17,9/29/17,9.3,None,Remote,Medium,Not required,Complete,Complete,Complete,"A remote code execution vulnerability exists in Microsoft PowerPoint 2007 Service Pack 3, Microsoft PowerPoint 2010 Service Pack 2, Microsoft PowerPoint 2013 Service Pack 1, Microsoft PowerPoint 2013 RT Service Pack 1, Microsoft PowerPoint 2016, Microsoft PowerPoint Viewer 2007, Microsoft SharePoint Server 2013 Service Pack 1, Microsoft SharePoint Enterprise Server 2016, Microsoft Office Web Apps 2010 Service Pack 2, and Microsoft Office Compatibility Pack Service Pack 3 when they fail to properly handle objects in memory, aka ""PowerPoint Remote Code Execution Vulnerability"". This CVE ID is unique from CVE-2017-8743."
19,CVE-2017-8654,79,None,XSS,8/8/17,8/15/17,3.5,None,Remote,Medium,Single system,None,Partial,None,"Microsoft SharePoint Server 2010 Service Pack 2 allows a cross-site scripting (XSS) vulnerability when it does not properly sanitize a specially crafted web request to an affected SharePoint server, aka ""Microsoft Office SharePoint XSS Vulnerability""."
20,CVE-2017-8629,79,None,XSS,9/12/17,9/20/17,3.5,None,Remote,Medium,Single system,None,Partial,None,"Microsoft SharePoint Server 2013 Service Pack 1 allows an elevation of privilege vulnerability when it fails to properly sanitize a specially crafted web request to an affected SharePoint server, aka ""Microsoft SharePoint XSS Vulnerability""."
21,CVE-2017-8569,264,None,XSS,7/11/17,7/14/17,6.5,None,Remote,Low,Single system,Partial,Partial,Partial,"Microsoft SharePoint Server allows an elevation of privilege vulnerability due to the way that it sanitizes a specially crafted web request to an affected SharePoint server, aka ""SharePoint Server XSS Vulnerability""."
22,CVE-2017-8514,79,None,XSS,6/14/17,7/7/17,3.5,None,Remote,Medium,Single system,None,Partial,None,"An information disclosure vulnerability exists when Microsoft SharePoint software fails to properly sanitize a specially crafted requests, aka ""Microsoft SharePoint Reflective XSS Vulnerability""."
23,CVE-2017-8513,119,None,Exec Code Overflow,6/14/17,6/21/17,9.3,None,Remote,Medium,Not required,Complete,Complete,Complete,"A remote code execution vulnerability exists in Microsoft PowerPoint when the software fails to properly handle objects in memory, aka ""Microsoft PowerPoint Remote Code Execution Vulnerability""."
24,CVE-2017-8512,19,None,Exec Code,6/14/17,7/7/17,9.3,None,Remote,Medium,Not required,Complete,Complete,Complete,"A remote code execution vulnerability exists in Microsoft Office when the software fails to properly handle objects in memory, aka ""Office Remote Code Execution Vulnerability"". This CVE ID is unique from CVE-2017-8509, CVE-2017-8510, CVE-2017-8511, CVE-2017-0260, and CVE-2017-8506."
25,CVE-2017-8511,19,None,Exec Code,6/14/17,6/23/17,9.3,None,Remote,Medium,Not required,Complete,Complete,Complete,"A remote code execution vulnerability exists in Microsoft Office when the software fails to properly handle objects in memory, aka ""Office Remote Code Execution Vulnerability"". This CVE ID is unique from CVE-2017-8509, CVE-2017-8510, CVE-2017-8512, CVE-2017-0260, and CVE-2017-8506."
26,CVE-2017-8509,19,None,Exec Code,6/14/17,6/20/17,9.3,None,Remote,Medium,Not required,Complete,Complete,Complete,"A remote code execution vulnerability exists in Microsoft Office when the software fails to properly handle objects in memory, aka ""Office Remote Code Execution Vulnerability"". This CVE ID is unique from CVE-2017-8510, CVE-2017-8511, CVE-2017-8512, CVE-2017-0260, and CVE-2017-8506."
27,CVE-2017-8501,119,None,Exec Code Overflow Mem. Corr.,7/11/17,7/14/17,9.3,None,Remote,Medium,Not required,Complete,Complete,Complete,"Microsoft Office allows a remote code execution vulnerability due to the way that it handles objects in memory, aka ""Microsoft Office Memory Corruption Vulnerability"". This CVE ID is unique from CVE-2017-8502."
28,CVE-2017-0281,19,None,Exec Code,5/12/17,5/25/17,9.3,None,Remote,Medium,Not required,Complete,Complete,Complete,"Microsoft Office 2007 SP3, Office 2010 SP2, Office 2013 SP1, Office 2016, Office Online Server 2016, Office Web Apps 2010 SP2,Office Web Apps 2013 SP1, Project Server 2013 SP1, SharePoint Enterprise Server 2013 SP1, SharePoint Enterprise Server 2016, SharePoint Foundation 2013 SP1, Sharepoint Server 2010 SP2, Word 2016, and Skype for Business 2016 allow a remote code execution vulnerability when the software fails to properly handle objects in memory, aka ""Office Remote Code Execution Vulnerability"". This CVE ID is unique from CVE-2017-0261 and CVE-2017-0262."
29,CVE-2017-0254,119,None,Exec Code Overflow Mem. Corr.,5/12/17,7/7/17,9.3,None,Remote,Medium,Not required,Complete,Complete,Complete,"Microsoft Word 2007, Office 2010 SP2, Word 2010 SP2, Office Compatibility Pack SP3, Office for Mac 2011, Office for Mac 2016, Microsoft Office Web Apps 2010 SP2, Office Web Apps Server 2013 SP1, Word 2013 RT SP1, Word 2013 SP1, Word Automation Services on Microsoft SharePoint Server 2013 SP1, Office Word Viewer, SharePoint Enterprise Server 2016, and Word 2016 allow a remote code execution vulnerability when the software fails to properly handle objects in memory, aka ""Microsoft Office Memory Corruption Vulnerability"". This CVE ID is unique from CVE-2017-0264 and CVE-2017-0265."
30,CVE-2017-0195,79,None,XSS,4/12/17,4/20/17,3.5,None,Remote,Medium,Single system,None,Partial,None,"Microsoft Excel Services on Microsoft SharePoint Server 2010 SP1 and SP2, Microsoft Excel Web Apps 2010 SP2, Microsoft Office Web Apps 2010 SP2, Microsoft Office Web Apps Server 2013 SP1 and Office Online Server allows remote attackers to perform cross-site scripting and run script with local user privileges via a crafted request, aka ""Microsoft Office XSS Elevation of Privilege Vulnerability."""
31,CVE-2017-0105,200,None,#NAME?,3/16/17,7/11/17,4.3,None,Remote,Medium,Not required,Partial,None,None,"Microsoft Word 2007 SP3, Office 2010 SP2, Word 2010 SP2, Word for Mac 2011, Office Compatibility Pack SP3, Word Automation Services on SharePoint Server 2010 SP2, and Office Web Apps 2010 SP2 allow remote attackers to obtain sensitive information from out-of-bound memory via a crafted Office document, aka ""Microsoft Office Information Disclosure Vulnerability."""
32,CVE-2017-0052,119,None,DoS Exec Code Overflow Mem. Corr.,3/16/17,7/11/17,9.3,None,Remote,Medium,Not required,Complete,Complete,Complete,"Microsoft Office Compatibility Pack SP3, Excel 2007 SP3, Excel Viewer, and Excel Services on SharePoint Server 2007 SP3 allow remote attackers to execute arbitrary code or cause a denial of service (memory corruption) via a crafted document, aka ""Microsoft Office Memory Corruption Vulnerability."" This vulnerability is different from those described in CVE-2017-0006, CVE-2017-0019, CVE-2017-0020, CVE-2017-0030, CVE-2017-0031, and CVE-2017-0053."
33,CVE-2017-0030,119,None,DoS Exec Code Overflow Mem. Corr.,3/16/17,7/11/17,9.3,None,Remote,Medium,Not required,Complete,Complete,Complete,"Microsoft Office 2010 SP2, Office Compatibility Pack SP3, Office Web Apps Server 2010 SP2, Word 2007 SP3, Word 2010 SP2, and Word Automation Services on SharePoint Server 2010 SP2 allow remote attackers to execute arbitrary code or cause a denial of service (memory corruption) via a crafted document, aka ""Microsoft Office Memory Corruption Vulnerability."" This vulnerability is different from those described in CVE-2017-0006, CVE-2017-0019, CVE-2017-0020, CVE-2017-0031, CVE-2017-0052, and CVE-2017-0053."
34,CVE-2017-0027,200,None,#NAME?,3/16/17,7/11/17,2.6,None,Remote,High,Not required,Partial,None,None,"Microsoft Excel 2007 SP3, Excel 2010 SP2, Excel 2013 RT SP1, Excel 2016, Office Compatibility Pack SP3, and Excel Services on SharePoint Server 2013 SP1 allow remote attackers to obtain sensitive information from process memory via a crafted Office document, aka ""Microsoft Office Information Disclosure Vulnerability."""
35,CVE-2017-0006,119,None,DoS Exec Code Overflow Mem. Corr.,3/16/17,7/11/17,9.3,None,Remote,Medium,Not required,Complete,Complete,Complete,"Microsoft Excel 2007 SP3, Office Compatibility Pack SP3, Excel Viewer, and Excel Services on SharePoint Server 2007 SP3 allow remote attackers to execute arbitrary code or cause a denial of service (memory corruption) via a crafted document, aka ""Microsoft Office Memory Corruption Vulnerability."" This vulnerability is different from those described in CVE-2017-0019, CVE-2017-0020, CVE-2017-0030, CVE-2017-0031, CVE-2017-0052, and CVE-2017-0053."
36,CVE-2016-7291,125,None,DoS +Info,12/20/16,12/27/16,5.8,None,Remote,Medium,Not required,Partial,None,Partial,"Microsoft Word 2007 SP3, Office 2010 SP2, Word 2010 SP2, Office Compatibility Pack SP3, Word for Mac 2011, Word Automation Services on SharePoint Server 2010 SP2, and Office Web Apps 2010 SP2 allow remote attackers to obtain sensitive information from process memory or cause a denial of service (out-of-bounds read) via a crafted document, aka ""Microsoft Office Information Disclosure Vulnerability,"" a different vulnerability than CVE-2016-7290."
37,CVE-2016-7290,125,None,DoS +Info,12/20/16,12/27/16,5.8,None,Remote,Medium,Not required,Partial,None,Partial,"Microsoft Word 2007 SP3, Office 2010 SP2, Word 2010 SP2, Office Compatibility Pack SP3, Word for Mac 2011, Word Automation Services on SharePoint Server 2010 SP2, and Office Web Apps 2010 SP2 allow remote attackers to obtain sensitive information from process memory or cause a denial of service (out-of-bounds read) via a crafted document, aka ""Microsoft Office Information Disclosure Vulnerability,"" a different vulnerability than CVE-2016-7291."
38,CVE-2016-7268,125,None,DoS +Info,12/20/16,12/27/16,5.8,None,Remote,Medium,Not required,Partial,None,Partial,"Microsoft Word 2007 SP3, Office 2010 SP2, Word 2010 SP2, Office Compatibility Pack SP3, Word Viewer, Word for Mac 2011, Word Automation Services on SharePoint Server 2010 SP2, and Office Web Apps 2010 SP2 allow remote attackers to obtain sensitive information from process memory or cause a denial of service (out-of-bounds read) via a crafted document, aka ""Microsoft Office Information Disclosure Vulnerability."""
39,CVE-2016-7265,125,None,DoS +Info,12/20/16,12/23/16,5.8,None,Remote,Medium,Not required,Partial,None,Partial,"Microsoft Excel 2007 SP3, Excel 2010 SP2, Excel 2013 SP1, Excel 2013 RT SP1, Excel 2016, Office Compatibility Pack SP3, Excel Viewer, Excel Services on SharePoint Server 2007 SP3, and Excel Services on SharePoint Server 2010 SP2 allow remote attackers to obtain sensitive information from process memory or cause a denial of service (out-of-bounds read) via a crafted document, aka ""Microsoft Office Information Disclosure Vulnerability."""
40,CVE-2016-7236,119,None,Exec Code Overflow Mem. Corr.,11/10/16,7/27/17,9.3,None,Remote,Medium,Not required,Complete,Complete,Complete,"Microsoft Excel 2010 SP2, Excel for Mac 2011, Excel 2016 for Mac, and Excel Services on SharePoint Server 2010 SP2 allow remote attackers to execute arbitrary code via a crafted Office document, aka ""Microsoft Office Memory Corruption Vulnerability."""
41,CVE-2016-7234,119,None,Exec Code Overflow Mem. Corr.,11/10/16,7/27/17,9.3,None,Remote,Medium,Not required,Complete,Complete,Complete,"Microsoft Word 2007, Office 2010 SP2, Word 2010 SP2, Word 2013 SP1, Word 2013 RT SP1, Word for Mac 2011, Excel for Mac 2011, Word 2016 for Mac, Office Compatibility Pack SP3, Word Automation Services on SharePoint Server 2010 SP2, Word Automation Services on SharePoint Server 2013 SP1, Office Web Apps 2010 SP2, and Office Web Apps Server 2013 SP1 allow remote attackers to execute arbitrary code via a crafted Office document, aka ""Microsoft Office Memory Corruption Vulnerability."""
42,CVE-2016-7233,200,None,DoS +Info,11/10/16,7/27/17,4.3,None,Remote,Medium,Not required,Partial,None,None,"Microsoft Word 2007, Office 2010 SP2, Word 2010 SP2, Word for Mac 2011, Excel for Mac 2011, Word Viewer, Office Compatibility Pack SP3, Word Automation Services on SharePoint Server 2013 SP1, and Office Web Apps 2010 SP2 allow remote attackers to obtain sensitive information from process memory or cause a denial of service (out-of-bounds read) via a crafted Office document, aka ""Microsoft Office Information Disclosure Vulnerability."""
43,CVE-2016-7193,119,None,Exec Code Overflow Mem. Corr.,10/13/16,7/29/17,9.3,None,Remote,Medium,Not required,Complete,Complete,Complete,"Microsoft Word 2007 SP2, Office 2010 SP2, Word 2013 SP1, Word 2013 RT SP1, Word 2016, Word for Mac 2011, Word 2016 for Mac, Office Compatibility Pack SP3, Word Viewer, Word Automation Services on SharePoint Server 2010 SP2, Word Automation Services on SharePoint Server 2013 SP1, Office Web Apps 2010 SP2, Office Web Apps Server 2013 SP1, and Office Online Server allow remote attackers to execute arbitrary code via a crafted RTF document, aka ""Microsoft Office Memory Corruption Vulnerability."""
44,CVE-2016-3282,119,None,Exec Code Overflow Mem. Corr.,7/12/16,8/31/17,9.3,None,Remote,Medium,Not required,Complete,Complete,Complete,"Microsoft Word 2007 SP3, Office 2010 SP2, Word 2010 SP2, Word 2013 SP1, Word 2013 RT SP1, Word 2016, Word for Mac 2011, Word 2016 for Mac, Office Compatibility Pack SP3, Word Viewer, Word Automation Services on SharePoint Server 2010 SP2, Word Automation Services on SharePoint Server 2013 SP1, SharePoint Server 2016, Office Web Apps 2010 SP2, Office Web Apps Server 2013 SP1, and Office Online Server allow remote attackers to execute arbitrary code via a crafted Office document, aka ""Microsoft Office Memory Corruption Vulnerability."""
45,CVE-2016-3281,119,None,Exec Code Overflow Mem. Corr.,7/12/16,8/31/17,9.3,None,Remote,Medium,Not required,Complete,Complete,Complete,"Microsoft Office 2010 SP2, Word 2010 SP2, Word 2013 SP1, Word 2013 RT SP1, Word 2016, Word for Mac 2011, Word 2016 for Mac, Word Automation Services on SharePoint Server 2010 SP2, and Office Web Apps 2010 SP2 allow remote attackers to execute arbitrary code via a crafted Office document, aka ""Microsoft Office Memory Corruption Vulnerability."""
46,CVE-2016-3279,254,None,Exec Code,7/12/16,8/31/17,4.3,None,Remote,Medium,Not required,None,Partial,None,"Microsoft Office 2010 SP2, Excel 2010 SP2, PowerPoint 2010 SP2, Word 2010 SP2, Excel 2013 SP1, PowerPoint 2013 SP1, Word 2013 SP1, Excel 2013 RT SP1, PowerPoint 2013 RT SP1, Word 2013 RT SP1, Excel 2016, Word 2016, Word Automation Services on SharePoint Server 2010 SP2, and Office Web Apps 2010 SP2 allow remote attackers to execute arbitrary code via a crafted XLA file, aka ""Microsoft Office Remote Code Execution Vulnerability."""
47,CVE-2016-3234,200,None,#NAME?,6/15/16,11/29/16,4.3,None,Remote,Medium,Not required,Partial,None,None,"Microsoft Word 2007 SP3, Office 2010 SP2, Word 2010 SP2, Office Compatibility Pack SP3, Word Viewer, Word Automation Services on SharePoint Server 2010 SP2, Word Automation Services on SharePoint Server 2013 SP1, Office Web Apps 2010 SP2, and Office Web Apps Server 2013 SP1 allow remote attackers to obtain sensitive information from process memory via a crafted Office document, aka ""Microsoft Office Information Disclosure Vulnerability."""
48,CVE-2016-0183,284,None,Exec Code,5/10/16,11/30/16,9.3,None,Remote,Medium,Not required,Complete,Complete,Complete,"The Windows font library in Microsoft Office 2010 SP2, Word 2010 SP2, Word Automation Services on SharePoint Server 2010 SP2, and Office Web Apps 2010 SP2 allows remote attackers to execute arbitrary code via a crafted embedded font, aka ""Microsoft Office Graphics RCE Vulnerability."""
49,CVE-2016-0140,119,None,Exec Code Overflow Mem. Corr.,5/10/16,11/30/16,9.3,None,Remote,Medium,Not required,Complete,Complete,Complete,"Microsoft Office 2007 SP3, Office 2010 SP2, Word Automation Services on SharePoint Server 2010 SP2, and Office Web Apps 2010 SP2 allow remote attackers to execute arbitrary code via a crafted Office document, aka ""Microsoft Office Memory Corruption Vulnerability."""
50,CVE-2016-0134,119,None,Exec Code Overflow Mem. Corr.,3/9/16,12/2/16,9.3,None,Remote,Medium,Not required,Complete,Complete,Complete,"Microsoft Word 2007 SP3, Office 2010 SP2, Word 2010 SP2, Word 2013 SP1, Word 2013 RT SP1, Word 2016, Word for Mac 2011, Word 2016 for Mac, Office Compatibility Pack SP3, Word Viewer, Word Automation Services on SharePoint Server 2010 SP2 and 2013 SP1, Office Web Apps 2010 SP2, and Web Apps Server 2013 SP1 allow remote attackers to execute arbitrary code via a crafted Office document, aka ""Microsoft Office Memory Corruption Vulnerability."""
51,CVE-2016-0127,119,None,Exec Code Overflow Mem. Corr.,4/12/16,12/2/16,9.3,None,Remote,Medium,Not required,Complete,Complete,Complete,"Microsoft Word 2007 SP3, Office 2010 SP2, Word 2010 SP2, Word 2013 SP1, Word 2013 RT SP1, Office Compatibility Pack SP3, Word Viewer, Word Automation Services on SharePoint Server 2010 SP2, Word Automation Services on SharePoint Server 2013 SP1, Office Web Apps 2010 SP2, and Office Web Apps Server 2013 SP1 allow remote attackers to execute arbitrary code via a crafted Office document, aka ""Microsoft Office Memory Corruption Vulnerability."""
52,CVE-2016-0054,119,None,Exec Code Overflow Mem. Corr.,2/10/16,12/5/16,9.3,None,Remote,Medium,Not required,Complete,Complete,Complete,"Microsoft Excel 2007 SP3, Excel 2010 SP2, Excel 2013 SP1, Excel 2013 RT SP1, Excel 2016, Excel for Mac 2011, Excel 2016 for Mac, Office Compatibility Pack SP3, Excel Viewer, Excel Services on SharePoint Server 2007 SP3, Excel Services on SharePoint Server 2010 SP2, Excel Services on SharePoint Server 2013 SP1, and Office Web Apps 2010 SP2 allow remote attackers to execute arbitrary code via a crafted Office document, aka ""Microsoft Office Memory Corruption Vulnerability."""
53,CVE-2016-0053,119,None,Exec Code Overflow Mem. Corr.,2/10/16,12/5/16,9.3,None,Remote,Medium,Not required,Complete,Complete,Complete,"Microsoft Word 2007 SP3, Office 2010 SP2, Word 2010 SP2, Word 2013 SP1, Word 2013 RT SP1, Word 2016, Office Compatibility Pack SP3, Word Viewer, Word Automation Services on SharePoint Server 2013 SP1, Office Web Apps Server 2013 SP1, and SharePoint Server 2013 SP1 allow remote attackers to execute arbitrary code via a crafted Office document, aka ""Microsoft Office Memory Corruption Vulnerability."""
54,CVE-2016-0052,119,None,Exec Code Overflow Mem. Corr.,2/10/16,12/5/16,9.3,None,Remote,Medium,Not required,Complete,Complete,Complete,"Microsoft Word 2007 SP3, Office 2010 SP2, Word 2010 SP2, Word 2013 SP1, Word 2013 RT SP1, Word 2016, Word for Mac 2011, Word 2016 for Mac, Office Compatibility Pack SP3, Word Viewer, Word Automation Services on SharePoint Server 2013 SP1, Office Web Apps Server 2013 SP1, and SharePoint Server 2013 SP1 allow remote attackers to execute arbitrary code via a crafted Office document, aka ""Microsoft Office Memory Corruption Vulnerability,"" a different vulnerability than CVE-2016-0022."
55,CVE-2016-0025,20,None,Exec Code Mem. Corr.,6/15/16,11/29/16,9.3,None,Remote,Medium,Not required,Complete,Complete,Complete,"Microsoft Word 2007 SP3, Office 2010 SP2, Word 2010 SP2, Word 2013 SP1, Word 2013 RT SP1, Office 2016, Word 2016, Word for Mac 2011, Word 2016 for Mac, Office Compatibility Pack SP3, Word Automation Services on SharePoint Server 2010 SP2, Word Automation Services on SharePoint Server 2013 SP1, Office Web Apps 2010 SP2, Office Web Apps Server 2013 SP1, and Office Online Server allow remote attackers to execute arbitrary code via a crafted Office document, aka ""Microsoft Office Memory Corruption Vulnerability."""
56,CVE-2016-0022,119,None,Exec Code Overflow Mem. Corr.,2/10/16,12/5/16,9.3,None,Remote,Medium,Not required,Complete,Complete,Complete,"Microsoft Word 2007 SP3, Office 2010 SP2, Word 2010 SP2, Word 2013 SP1, Word 2013 RT SP1, Word 2016, Word for Mac 2011, Word 2016 for Mac, Office Compatibility Pack SP3, Word Viewer, Word Automation Services on SharePoint Server 2013 SP1, Office Web Apps Server 2013 SP1, and SharePoint Server 2013 SP1 allow remote attackers to execute arbitrary code via a crafted Office document, aka ""Microsoft Office Memory Corruption Vulnerability,"" a different vulnerability than CVE-2016-0052."
57,CVE-2016-0011,79,None,XSS Bypass,1/13/16,12/7/16,3.5,None,Remote,Medium,Single system,None,Partial,None,"Microsoft SharePoint Server 2013 SP1 and SharePoint Foundation 2013 SP1 allow remote authenticated users to bypass intended Access Control Policy restrictions and conduct cross-site scripting (XSS) attacks by modifying a webpart, aka ""Microsoft SharePoint Security Feature Bypass,"" a different vulnerability than CVE-2015-6117."
58,CVE-2015-6117,79,None,XSS Bypass,1/13/16,12/7/16,4.3,None,Remote,Medium,Not required,None,Partial,None,"Microsoft SharePoint Server 2013 SP1 and SharePoint Foundation 2013 SP1 allow remote authenticated users to bypass intended Access Control Policy restrictions and conduct cross-site scripting (XSS) attacks by modifying a webpart, aka ""Microsoft SharePoint Security Feature Bypass,"" a different vulnerability than CVE-2016-0011."
59,CVE-2015-6094,119,None,Exec Code Overflow Mem. Corr.,11/11/15,12/7/16,9.3,None,Remote,Medium,Not required,Complete,Complete,Complete,"Microsoft Excel 2010 SP2, Excel 2013 SP1, Excel 2013 RT SP1, Excel 2016, Excel for Mac 2011, Excel 2016 for Mac, and Excel Services on SharePoint Server 2013 SP1 allow remote attackers to execute arbitrary code via a crafted Office document, aka ""Microsoft Office Memory Corruption Vulnerability."""
60,CVE-2015-6093,119,None,Exec Code Overflow Mem. Corr.,11/11/15,12/7/16,9.3,None,Remote,Medium,Not required,Complete,Complete,Complete,"Microsoft Office 2007 SP3, Office 2010 SP2, Office 2013 SP1, Office 2013 RT SP1, Office 2016, Word Automation Services on SharePoint Server 2010 SP2 and 2013 SP1, Office Web Apps 2010 SP2, and Office Web Apps Server 2013 SP1 allow remote attackers to execute arbitrary code via a crafted Office document, aka ""Microsoft Office Memory Corruption Vulnerability."""
61,CVE-2015-6039,79,None,XSS Bypass,10/13/15,12/8/16,3.5,None,Remote,Medium,Single system,None,Partial,None,"Cross-site scripting (XSS) vulnerability in Microsoft SharePoint Server 2013 SP1 and SharePoint Foundation 2013 SP1 allows remote authenticated users to inject arbitrary web script or HTML via crafted content in an Office Marketplace instance, aka ""Microsoft SharePoint Security Feature Bypass Vulnerability."""
62,CVE-2015-6038,119,None,Exec Code Overflow Mem. Corr.,11/11/15,12/7/16,9.3,None,Remote,Medium,Not required,Complete,Complete,Complete,"Microsoft Excel 2007 SP3, Excel 2010 SP2, Excel 2013 SP1, Excel 2013 RT SP1, Excel 2016, Excel for Mac 2011, Excel 2016 for Mac, Office Compatibility Pack SP3, Excel Viewer, and Excel Services on SharePoint Server 2007 SP3, 2010 SP2, and 2013 SP1 allow remote attackers to execute arbitrary code via a crafted Office document, aka ""Microsoft Office Memory Corruption Vulnerability."""
63,CVE-2015-6037,79,None,XSS,10/13/15,12/8/16,3.5,None,Remote,Medium,Single system,None,Partial,None,"Cross-site scripting (XSS) vulnerability in Microsoft Excel Services on SharePoint Server 2010 SP2 and 2013 SP1, Office Web Apps 2010 SP2, Excel Web App 2010 SP2, Office Web Apps Server 2013 SP1, and SharePoint Foundation 2013 SP1 allows remote authenticated users to inject arbitrary web script or HTML via a crafted URL, aka ""Microsoft Office Web Apps XSS Spoofing Vulnerability."""
64,CVE-2015-2558,None,None,Exec Code Mem. Corr.,10/13/15,12/12/16,9.3,None,Remote,Medium,Not required,Complete,Complete,Complete,"Use-after-free vulnerability in Microsoft Excel 2007 SP3, Excel 2010 SP2, Excel 2013 SP1, Excel 2013 RT SP1, Excel 2016, Excel for Mac 2011, Excel 2016 for Mac, Excel Viewer, Office Compatibility Pack SP3, and Excel Services on SharePoint Server 2007 SP3, 2010 SP2, and 2013 SP1 allows remote attackers to execute arbitrary code via a long fileVersion element in an Office document, aka ""Microsoft Office Memory Corruption Vulnerability."""
65,CVE-2015-2556,200,None,#NAME?,10/13/15,12/12/16,4.3,None,Remote,Medium,Not required,Partial,None,None,"The InfoPath Forms Services component in Microsoft SharePoint Server 2007 SP3 and 2010 SP2 misparses DTDs, which allows remote attackers to read arbitrary files via an XML document containing an external entity declaration in conjunction with an entity reference, related to an XML External Entity (XXE) issue, aka ""Microsoft SharePoint Information Disclosure Vulnerability."""
66,CVE-2015-2555,None,None,Exec Code Mem. Corr.,10/13/15,12/12/16,9.3,None,Remote,Medium,Not required,Complete,Complete,Complete,"Use-after-free vulnerability in Microsoft Excel 2010 SP2, Excel 2013 SP1, Excel 2013 RT SP1, Excel 2016, Excel for Mac 2011, Excel 2016 for Mac, and Excel Services on SharePoint Server 2010 SP2 and 2013 SP1 allows remote attackers to execute arbitrary code via a crafted calculatedColumnFormula object in an Office document, aka ""Microsoft Office Memory Corruption Vulnerability."""
67,CVE-2015-2468,119,None,Exec Code Overflow Mem. Corr.,8/14/15,9/20/17,9.3,None,Remote,Medium,Not required,Complete,Complete,Complete,"Microsoft Word 2007 SP3, Office 2010 SP2, Word 2010 SP2, Word 2013 SP1, Word 2013 RT SP1, Office for Mac 2011, Office for Mac 2016, Office Compatibility Pack SP3, Word Viewer, Word Automation Services on SharePoint Server 2010 SP2 and 2013 SP1, Word Web Apps 2010 SP2, and Office Web Apps Server 2013 SP1 allow remote attackers to execute arbitrary code via a crafted document, aka ""Microsoft Office Memory Corruption Vulnerability."""
68,CVE-2015-2375,200,None,Bypass +Info,7/14/15,9/21/17,4.3,None,Remote,Medium,Not required,Partial,None,None,"Microsoft Excel 2010 SP2, Excel 2013 SP1, Excel 2013 RT SP1, Excel Viewer 2007 SP3, Excel Services on SharePoint Server 2010 SP2, and Excel Services on SharePoint Server 2013 SP1 allow remote attackers to bypass the ASLR protection mechanism via a crafted spreadsheet, aka ""Microsoft Excel ASLR Bypass Vulnerability."""
69,CVE-2015-1700,20,None,Exec Code,5/13/15,1/2/17,6,None,Remote,Medium,Single system,Partial,Partial,Partial,"Microsoft SharePoint Server 2007 SP3, SharePoint Foundation 2010 SP2, SharePoint Server 2010 SP2, and SharePoint Foundation 2013 SP1 allow remote authenticated users to execute arbitrary code via crafted page content, aka ""Microsoft SharePoint Page Content Vulnerabilities."""
70,CVE-2015-1682,119,None,Exec Code Overflow Mem. Corr.,5/13/15,1/2/17,9.3,None,Remote,Medium,Not required,Complete,Complete,Complete,"Microsoft Office 2010 SP2, Excel 2010 SP2, PowerPoint 2010 SP2, Word 2010 SP2, Office 2013 SP1, Excel 2013 SP1, PowerPoint 2013 SP1, Word 2013 SP1, Office 2013 RT SP1, Excel 2013 RT SP1, PowerPoint 2013 RT SP1, Word 2013 RT SP1, Office for Mac 2011, Excel for Mac 2011, PowerPoint for Mac 2011, Word for Mac 2011, PowerPoint Viewer, Word Automation Services on SharePoint Server 2010 SP2 and 2013 SP1, Excel Services on SharePoint Server 2010 SP2 and 2013 SP1, Office Web Apps 2010 SP2, Excel Web App 2010 SP2, Office Web Apps Server 2013 SP1, SharePoint Foundation 2010 SP2, and SharePoint Server 2013 SP1 allow remote attackers to execute arbitrary code via a crafted document, aka ""Microsoft Office Memory Corruption Vulnerability."""
71,CVE-2015-1653,79,None,XSS,4/14/15,9/16/15,4.3,None,Remote,Medium,Not required,None,Partial,None,"Cross-site scripting (XSS) vulnerability in Microsoft SharePoint Foundation 2013 SP1 and SharePoint Server 2013 SP1 allows remote attackers to inject arbitrary web script or HTML via a crafted request, aka ""Microsoft SharePoint XSS Vulnerability."""
72,CVE-2015-1650,None,None,Exec Code,4/14/15,9/16/15,9.3,None,Remote,Medium,Not required,Complete,Complete,Complete,"Use-after-free vulnerability in Microsoft Word 2007 SP3, Office 2010 SP2, Word 2010 SP2, Word 2013 SP1, Word 2013 RT SP1, Word Viewer, Office Compatibility Pack SP3, Word Automation Services on SharePoint Server 2010 SP2 and 2013 SP1, and Office Web Apps Server 2010 SP2 and 2013 SP1 allows remote attackers to execute arbitrary code via a crafted Office document, aka ""Microsoft Office Component Use After Free Vulnerability."""
73,CVE-2015-1649,None,None,Exec Code,4/14/15,9/16/15,9.3,None,Remote,Medium,Not required,Complete,Complete,Complete,"Use-after-free vulnerability in Microsoft Word 2007 SP3, Office 2010 SP2, Word 2010 SP2, Word Viewer, Office Compatibility Pack SP3, Word Automation Services on SharePoint Server 2010 SP2, and Office Web Apps Server 2010 SP2 allows remote attackers to execute arbitrary code via a crafted Office document, aka ""Microsoft Office Component Use After Free Vulnerability."""
74,CVE-2015-1641,399,None,Exec Code Mem. Corr.,4/14/15,7/17/17,9.3,None,Remote,Medium,Not required,Complete,Complete,Complete,"Microsoft Word 2007 SP3, Office 2010 SP2, Word 2010 SP2, Word 2013 SP1, Word 2013 RT SP1, Word for Mac 2011, Office Compatibility Pack SP3, Word Automation Services on SharePoint Server 2010 SP2 and 2013 SP1, and Office Web Apps Server 2010 SP2 and 2013 SP1 allow remote attackers to execute arbitrary code via a crafted RTF document, aka ""Microsoft Office Memory Corruption Vulnerability."""
75,CVE-2015-1636,79,None,XSS,3/11/15,10/1/15,3.5,None,Remote,Medium,Single system,None,Partial,None,"Cross-site scripting (XSS) vulnerability in Microsoft SharePoint Foundation 2013 Gold and SP1 and SharePoint Server 2013 Gold and SP1 allows remote authenticated users to inject arbitrary web script or HTML via a crafted request, aka ""Microsoft SharePoint XSS Vulnerability."""
76,CVE-2015-1633,79,None,XSS,3/11/15,10/1/15,3.5,None,Remote,Medium,Single system,None,Partial,None,"Cross-site scripting (XSS) vulnerability in Microsoft SharePoint Foundation 2010 SP2, SharePoint Server 2010 SP2, SharePoint Foundation 2013 Gold and SP1, and SharePoint Server 2013 Gold and SP1 allows remote authenticated users to inject arbitrary web script or HTML via a crafted request, aka ""Microsoft SharePoint XSS Vulnerability."""
77,CVE-2015-0086,399,None,DoS Exec Code Mem. Corr.,3/11/15,10/27/15,9.3,None,Remote,Medium,Not required,Complete,Complete,Complete,"Microsoft Word 2007 SP3, Office 2010 SP2, Word 2010 SP2, Word 2013 Gold and SP1, Word 2013 RT Gold and SP1, Word Viewer, Office Compatibility Pack SP3, Word Automation Services on SharePoint Server 2010 SP2, Word Automation Services on SharePoint Server 2013 Gold and SP1, Web Applications 2010 SP2, and Web Apps Server 2013 Gold and SP1 allow remote attackers to execute arbitrary code or cause a denial of service (memory corruption) via a crafted RTF document, aka ""Microsoft Office Memory Corruption Vulnerability."""
78,CVE-2015-0085,None,None,Exec Code,3/11/15,10/27/15,9.3,None,Remote,Medium,Not required,Complete,Complete,Complete,"Use-after-free vulnerability in Microsoft Office 2007 SP3, Excel 2007 SP3, PowerPoint 2007 SP3, Word 2007 SP3, Office 2010 SP2, Excel 2010 SP2, PowerPoint 2010 SP2, Word 2010 SP2, Office 2013 Gold and SP1, Word 2013 Gold and SP1, Office 2013 RT Gold and SP1, Word 2013 RT Gold and SP1, Excel Viewer, Office Compatibility Pack SP3, Word Automation Services on SharePoint Server 2010 SP2, Excel Services on SharePoint Server 2013 Gold and SP1, Word Automation Services on SharePoint Server 2013 Gold and SP1, Web Applications 2010 SP2, Office Web Apps Server 2010 SP2, Web Apps Server 2013 Gold and SP1, SharePoint Server 2007 SP3, Windows SharePoint Services 3.0 SP3, SharePoint Foundation 2010 SP2, SharePoint Server 2010 SP2, SharePoint Foundation 2013 Gold and SP1, and SharePoint Server 2013 Gold and SP1 allows remote attackers to execute arbitrary code via a crafted Office document, aka ""Microsoft Office Component Use After Free Vulnerability."""
79,CVE-2015-0064,399,None,DoS Exec Code Mem. Corr.,2/10/15,9/16/17,9.3,None,Remote,Medium,Not required,Complete,Complete,Complete,"Microsoft Word 2007 SP3, Office 2010 SP2, Word 2010 SP2, Word Automation Services in SharePoint Server 2010, Web Applications 2010 SP2, Word Viewer, and Office Compatibility Pack SP3 allow remote attackers to execute arbitrary code or cause a denial of service (memory corruption) via a crafted Office document, aka ""Office Remote Code Execution Vulnerability."""
80,CVE-2014-6357,None,None,Exec Code,12/10/14,12/11/14,9.3,None,Remote,Medium,Not required,Complete,Complete,Complete,"Use-after-free vulnerability in Microsoft Office 2010 SP2, Office 2013 Gold and SP1, Office 2013 RT Gold and SP1, Office for Mac 2011, Word Viewer, Office Compatibility Pack SP3, Word Automation Services on SharePoint Server 2010 SP2 and 2013 Gold and SP1, and Office Web Apps 2010 SP2 and 2013 Gold and SP1 allows remote attackers to execute arbitrary code via a crafted Office document, aka ""Use After Free Word Remote Code Execution Vulnerability."""
81,CVE-2014-4117,20,None,Exec Code,10/15/14,10/30/15,9.3,None,Remote,Medium,Not required,Complete,Complete,Complete,"Microsoft Office 2007 SP3, Word 2007 SP3, Office 2010 SP1 and SP2, Word 2010 SP1 and SP2, Office for Mac 2011, Office Compatibility Pack SP3, Word Automation Services on SharePoint Server 2010 SP1 and SP2, and Word Web Apps 2010 Gold, SP1, and SP2 allow remote attackers to execute arbitrary code via crafted properties in a Word document, aka ""Microsoft Word File Format Vulnerability."""
82,CVE-2014-2816,264,None,#NAME?,8/12/14,1/6/17,9.3,None,Remote,Medium,Not required,Complete,Complete,Complete,"Microsoft SharePoint Server 2013 Gold and SP1 and SharePoint Foundation 2013 Gold and SP1 allow remote authenticated users to gain privileges via a Trojan horse app that executes a custom action in the context of the SharePoint extensibility model, aka ""SharePoint Page Content Vulnerability."""
83,CVE-2014-1761,119,None,DoS Exec Code Overflow Mem. Corr.,3/25/14,12/8/14,9.3,None,Remote,Medium,Not required,Complete,Complete,Complete,"Microsoft Word 2003 SP3, 2007 SP3, 2010 SP1 and SP2, 2013, and 2013 RT; Word Viewer; Office Compatibility Pack SP3; Office for Mac 2011; Word Automation Services on SharePoint Server 2010 SP1 and SP2 and 2013; Office Web Apps 2010 SP1 and SP2; and Office Web Apps Server 2013 allow remote attackers to execute arbitrary code or cause a denial of service (memory corruption) via crafted RTF data, as exploited in the wild in March 2014."
84,CVE-2014-1754,79,None,XSS,5/14/14,8/10/15,4.3,None,Remote,Medium,Not required,None,Partial,None,"Cross-site scripting (XSS) vulnerability in Microsoft SharePoint Server 2013 Gold and SP1, SharePoint Foundation 2013 Gold and SP1, Office Web Apps Server 2013 Gold and SP1, and SharePoint Server 2013 Client Components SDK allows remote attackers to inject arbitrary web script or HTML via a crafted request, aka ""SharePoint XSS Vulnerability."""
85,CVE-2014-0260,119,None,DoS Exec Code Overflow Mem. Corr.,1/15/14,9/20/16,9.3,None,Remote,Medium,Not required,Complete,Complete,Complete,"Microsoft Word 2003 SP3, 2007 SP3, 2010 SP1 and SP2, 2013, and 2013 RT; Office Compatibility Pack SP3; Word Viewer; SharePoint Server 2010 SP1 and SP2 and 2013; Office Web Apps 2010 SP1 and SP2; and Office Web Apps Server 2013 allow remote attackers to execute arbitrary code or cause a denial of service (memory corruption) via a crafted Office document, aka ""Word Memory Corruption Vulnerability."""
86,CVE-2014-0251,94,None,Exec Code,5/14/14,8/7/15,9,None,Remote,Low,Single system,Complete,Complete,Complete,"Microsoft Windows SharePoint Services 3.0 SP3; SharePoint Server 2007 SP3, 2010 SP1 and SP2, and 2013 Gold and SP1; SharePoint Foundation 2010 SP1 and SP2 and 2013 Gold and SP1; Project Server 2010 SP1 and SP2 and 2013 Gold and SP1; Web Applications 2010 SP1 and SP2; Office Web Apps Server 2013 Gold and SP1; SharePoint Server 2013 Client Components SDK; and SharePoint Designer 2007 SP3, 2010 SP1 and SP2, and 2013 Gold and SP1 allow remote authenticated users to execute arbitrary code via crafted page content, aka ""SharePoint Page Content Vulnerability."""