#,CVE ID,CWE ID,# of Exploits,Vulnerability Type(s),Publish Date,Update Date,Score,Gained Access Level,Access,Complexity,Authentication,Conf.,Integ.,Avail.,Description
1,CVE-2017-11357,20,None,Exec Code,8/23/17,1/27/18,7.5,None,Remote,Low,Not required,Partial,Partial,Partial,"Progress Telerik UI for ASP.NET AJAX before R2 2017 SP2 does not properly restrict user input to RadAsyncUpload, which allows remote attackers to perform arbitrary file uploads or execute arbitrary code."
2,CVE-2017-11317,326,None,Exec Code,8/23/17,1/27/18,7.5,None,Remote,Low,Not required,Partial,Partial,Partial,"Telerik.Web.UI in Progress Telerik UI for ASP.NET AJAX before R1 2017 and R2 before R2 2017 SP2 uses weak RadAsyncUpload encryption, which allows remote attackers to perform arbitrary file uploads or execute arbitrary code."
3,CVE-2017-9248,310,None,XSS,7/3/17,1/27/18,7.5,None,Remote,Low,Not required,Partial,Partial,Partial,"Telerik.Web.UI.dll in Progress Telerik UI for ASP.NET AJAX before R2 2017 SP1 and Sitefinity before 10.0.6412.0 does not properly protect Telerik.Web.UI.DialogParametersEncryptionKey or the MachineKey, which makes it easier for remote attackers to defeat cryptographic protection mechanisms, leading to a MachineKey leak, arbitrary file uploads or downloads, XSS, or ASP.NET ViewState compromise."
4,CVE-2017-9140,79,None,XSS,5/22/17,8/13/18,4.3,None,Remote,Medium,Not required,None,Partial,None,Cross-site scripting (XSS) vulnerability in Telerik.ReportViewer.WebForms.dll in Telerik Reporting for ASP.NET WebForms Report Viewer control before R1 2017 SP2 (11.0.17.406) allows remote attackers to inject arbitrary web script or HTML via the bgColor parameter to Telerik.ReportViewer.axd.
5,CVE-2015-2264,None,None,#NAME?,3/12/15,3/13/15,6.9,None,Local,Medium,Not required,Complete,Complete,Complete,"Multiple untrusted search path vulnerabilities in (1) EQATEC.Analytics.Monitor.Win32_vc100.dll and (2) EQATEC.Analytics.Monitor.Win32_vc100-x64.dll in Telerik Analytics Monitor Library before 3.2.125 allow local users to gain privileges via a Trojan horse (a) csunsapi.dll, (b) swift.dll, (c) nfhwcrhk.dll, or (d) surewarehook.dll file in an unspecified directory."
6,CVE-2014-4958,79,None,XSS,9/26/14,9/16/15,4.3,None,Remote,Medium,Not required,None,Partial,None,"Cross-site scripting (XSS) vulnerability in Telerik UI for ASP.NET AJAX RadEditor control 2014.1.403.35, 2009.3.1208.20, and other versions allows remote attackers to inject arbitrary web script or HTML via CSS expressions in style attributes."
7,CVE-2014-2217,22,None,Exec Code Dir. Trav.,12/25/14,12/29/14,7.5,None,Remote,Low,Not required,Partial,Partial,Partial,"Absolute path traversal vulnerability in the RadAsyncUpload control in the RadControls in Telerik UI for ASP.NET AJAX before Q3 2012 SP2 allows remote attackers to write to arbitrary files, and consequently execute arbitrary code, via a full pathname in the UploadID metadata value."