#,CVE ID,CWE ID,# of Exploits,Vulnerability Type(s),Publish Date,Update Date,Score,Gained Access Level,Access,Complexity,Authentication,Conf.,Integ.,Avail.,Description
1,CVE-2018-1000071,264,None,None,3/13/18,4/12/18,5,None,Remote,Low,Not required,Partial,None,None,roundcube version 1.3.4 and earlier contains an Insecure Permissions vulnerability in enigma plugin that can result in exfiltration of gpg private key. This attack appear to be exploitable via network connectivity.
2,CVE-2018-9846,20,None,None,4/7/18,5/24/18,6.8,None,Remote,Medium,Not required,Partial,Partial,Partial,"In Roundcube from versions 1.2.0 to 1.3.5, with the archive plugin enabled and configured, it's possible to exploit the unsanitized, user-controlled ""_uid"" parameter (in an archive.php _task=mail&_mbox=INBOX&_action=plugin.move2archive request) to perform an MX (IMAP) injection attack by placing an IMAP command after a %0d%0a sequence. NOTE: this is less easily exploitable in 1.3.4 and later because of a Same Origin Policy protection mechanism."
3,CVE-2017-17688,310,None,None,5/16/18,6/27/18,4.3,None,Remote,Medium,Not required,Partial,None,None,"** DISPUTED ** The OpenPGP specification allows a Cipher Feedback Mode (CFB) malleability-gadget attack that can indirectly lead to plaintext exfiltration, aka EFAIL. NOTE: third parties report that this is a problem in applications that mishandle the Modification Detection Code (MDC) feature or accept an obsolete packet type, not a problem in the OpenPGP specification."
4,CVE-2017-16651,284,None,None,11/9/17,2/3/18,4.6,None,Local,Low,Not required,Partial,Partial,Partial,"Roundcube Webmail before 1.1.10, 1.2.x before 1.2.7, and 1.3.x before 1.3.3 allows unauthorized access to arbitrary files on the host's filesystem, including configuration files, as exploited in the wild in November 2017. The attacker must be able to authenticate at the target system with a valid username/password as the attack requires an active session. The issue is related to file-based attachment plugins and _task=settings&_action=upload-display&_from=timezone requests."
5,CVE-2017-8114,264,None,None,4/29/17,7/10/17,6.5,None,Remote,Low,Single system,Partial,Partial,Partial,"Roundcube Webmail allows arbitrary password resets by authenticated users. This affects versions before 1.0.11, 1.1.x before 1.1.9, and 1.2.x before 1.2.5. The problem is caused by an improperly restricted exec call in the virtualmin and sasl drivers of the password plugin."
6,CVE-2017-6820,79,None,XSS,3/12/17,3/14/17,4.3,None,Remote,Medium,Not required,None,Partial,None,rcube_utils.php in Roundcube before 1.1.8 and 1.2.x before 1.2.4 is susceptible to a cross-site scripting vulnerability via a crafted Cascading Style Sheets (CSS) token sequence within an SVG element.
7,CVE-2016-9920,284,None,Exec Code,12/8/16,6/30/17,6,None,Remote,Medium,Single system,Partial,Partial,Partial,"steps/mail/sendmail.inc in Roundcube before 1.1.7 and 1.2.x before 1.2.3, when no SMTP server is configured and the sendmail program is enabled, does not properly restrict the use of custom envelope-from addresses on the sendmail command line, which allows remote authenticated users to execute arbitrary code via a modified HTTP request that sends a crafted e-mail message."
8,CVE-2016-4552,79,None,XSS,12/20/16,1/17/17,4.3,None,Remote,Medium,Not required,None,Partial,None,Cross-site scripting (XSS) vulnerability in Roundcube Webmail before 1.2.0 allows remote attackers to inject arbitrary web script or HTML via the href attribute in an area tag in an e-mail message.
9,CVE-2016-4069,352,None,DoS CSRF,8/25/16,11/28/16,6.8,None,Remote,Medium,Not required,Partial,Partial,Partial,Cross-site request forgery (CSRF) vulnerability in Roundcube Webmail before 1.1.5 allows remote attackers to hijack the authentication of users for requests that download attachments and cause a denial of service (disk consumption) via unspecified vectors.
10,CVE-2016-4068,79,None,XSS,4/13/17,4/19/17,4.3,None,Remote,Medium,Not required,None,Partial,None,"Cross-site scripting (XSS) vulnerability in Roundcube Webmail before 1.0.9 and 1.1.x before 1.1.5 allows remote attackers to inject arbitrary web script or HTML via a crafted SVG, a different vulnerability than CVE-2015-8864."
11,CVE-2015-8864,79,None,XSS,4/13/17,4/19/17,4.3,None,Remote,Medium,Not required,None,Partial,None,"Cross-site scripting (XSS) vulnerability in Roundcube Webmail before 1.0.9 and 1.1.x before 1.1.5 allows remote attackers to inject arbitrary web script or HTML via a crafted SVG, a different vulnerability than CVE-2016-4068."
12,CVE-2015-8794,22,None,Dir. Trav.,1/29/16,2/25/16,4,None,Remote,Low,Single system,Partial,None,None,"Absolute path traversal vulnerability in program/steps/addressbook/photo.inc in Roundcube before 1.0.6 and 1.1.x before 1.1.2 allows remote authenticated users to read arbitrary files via a full pathname in the _alt parameter, related to contact photo handling."
13,CVE-2015-8793,79,None,XSS,1/29/16,11/30/17,4.3,None,Remote,Medium,Not required,None,Partial,None,"Cross-site scripting (XSS) vulnerability in program/include/rcmail.php in Roundcube before 1.0.6 and 1.1.x before 1.1.2 allows remote attackers to inject arbitrary web script or HTML via the _mbox parameter in a mail task to the default URL, a different vulnerability than CVE-2011-2937."
14,CVE-2015-8770,22,None,Exec Code Dir. Trav.,1/29/16,9/9/17,6,None,Remote,Medium,Single system,Partial,Partial,Partial,Directory traversal vulnerability in the set_skin function in program/include/rcmail_output_html.php in Roundcube before 1.0.8 and 1.1.x before 1.1.4 allows remote authenticated users with certain permissions to read arbitrary files or possibly execute arbitrary code via a .. (dot dot) in the _skin parameter to index.php.
15,CVE-2015-8105,79,None,XSS,11/10/15,12/2/16,3.5,None,Remote,Medium,Single system,None,Partial,None,Cross-site scripting (XSS) vulnerability in program/js/app.js in Roundcube webmail before 1.0.7 and 1.1.x before 1.1.3 allows remote authenticated users to inject arbitrary web script or HTML via the file name in a drag-n-drop file upload.
16,CVE-2015-5383,200,None,#NAME?,5/23/17,5/31/17,5,None,Remote,Low,Not required,Partial,None,None,"Roundcube Webmail 1.1.x before 1.1.2 allows remote attackers to obtain sensitive information by reading files in the (1) config, (2) temp, or (3) logs directory."
17,CVE-2015-5382,200,None,#NAME?,5/23/17,5/31/17,4,None,Remote,Low,Single system,Partial,None,None,program/steps/addressbook/photo.inc in Roundcube Webmail before 1.0.6 and 1.1.x before 1.1.2 allows remote authenticated users to read arbitrary files via the _alt parameter when uploading a vCard.
18,CVE-2015-5381,79,None,XSS,5/23/17,5/31/17,4.3,None,Remote,Medium,Not required,None,Partial,None,Cross-site scripting (XSS) vulnerability in program/include/rcmail.php in Roundcube Webmail 1.1.x before 1.1.2 allows remote attackers to inject arbitrary web script or HTML via the _mbox parameter to the default URI.
19,CVE-2015-2181,119,None,Overflow,1/30/17,5/2/18,6.5,None,Remote,Low,Single system,Partial,Partial,Partial,Multiple buffer overflows in the DBMail driver in the Password plugin in Roundcube before 1.1.0 allow remote attackers to have unspecified impact via the (1) password or (2) username.
20,CVE-2015-2180,74,None,Exec Code,1/30/17,3/1/17,9,None,Remote,Low,Single system,Complete,Complete,Complete,The DBMail driver in the Password plugin in Roundcube before 1.1.0 allows remote attackers to execute arbitrary commands via shell metacharacters in the password.
21,CVE-2015-1433,79,None,XSS,2/3/15,11/19/15,4.3,None,Remote,Medium,Not required,None,Partial,None,"program/lib/Roundcube/rcube_washtml.php in Roundcube before 1.0.5 does not properly quote strings, which allows remote attackers to conduct cross-site scripting (XSS) attacks via the style attribute in an email."
22,CVE-2014-9587,352,None,CSRF,1/15/15,1/16/15,6.8,None,Remote,Medium,Not required,Partial,Partial,Partial,"Multiple cross-site request forgery (CSRF) vulnerabilities in Roundcube Webmail before 1.0.4 allow remote attackers to hijack the authentication of unspecified victims via unknown vectors, related to (1) address book operations or the (2) ACL or (3) Managesieve plugins."