#,CVE ID,CWE ID,# of Exploits,Vulnerability Type(s),Publish Date,Update Date,Score,Gained Access Level,Access,Complexity,Authentication,Conf.,Integ.,Avail.,Description
1,CVE-2018-12533,94,None,Exec Code,2018-06-18,2018-08-13,7.5,None,Remote,Low,Not required,Partial,Partial,Partial,"JBoss RichFaces 3.1.0 through 3.3.4 allows unauthenticated remote attackers to inject expression language (EL) expressions and execute arbitrary Java code via a /DATA/ substring in a path with an org.richfaces.renderkit.html.Paint2DResource$ImageData object, aka RF-14310."
2,CVE-2018-12532,94,None,Exec Code,2018-06-18,2018-08-23,7.5,None,Remote,Low,Not required,Partial,Partial,Partial,"JBoss RichFaces 4.5.3 through 4.5.17 allows unauthenticated remote attackers to inject an arbitrary expression language (EL) variable mapper and execute arbitrary Java code via a MediaOutputResource's resource request, aka RF-14309."
3,CVE-2015-0279,94,None,Exec Code,2015-03-26,2016-08-23,6.8,None,Remote,Medium,Not required,Partial,Partial,Partial,JBoss RichFaces before 4.5.4 allows remote attackers to inject expression language (EL) expressions and execute arbitrary Java code via the do parameter.
4,CVE-2014-0086,20,None,DoS,2014-03-31,2017-12-15,4.3,None,Remote,Medium,Not required,None,None,Partial,"The doFilter function in webapp/PushHandlerFilter.java in JBoss RichFaces 4.3.4, 4.3.5, and 5.x allows remote attackers to cause a denial of service (memory consumption and out-of-memory error) via a large number of malformed atmosphere push requests."
